2017-10-27 16:27:54,model=ONEPLUS A3003,32.16863027,34.81048708,29,Partner,42501_13111_7943940,-113,0
2017-10-27 16:27:58,model=ONEPLUS A3003,32.16822321,34.81032406,28,devolo-0f4,30:d3:2d:37:20:f4,-86,11
2017-10-27 16:28:01,model=ONEPLUS A3003,32.16795035,34.81018513,28,happy,00:78:9e:fa:81:bc,-78,1,888Corp,8e:15:54:a9:32:e6,-91,40,888Corp,0a:8d:db:6e:71:bf,-87,1,Shaked-Guest WiFi,b0:aa:77:f1:3a:68,-85,11,island-074FA0,50:a7:33:47:4f:a3,-87,6,terry_ap,5c:83:8f:33:bd:68,-89,1
2017-10-27 16:28:02,model=ONEPLUS A3003,32.16787145,34.81013471,28,RS_GUEST,ec:08:6b:38:0d:dd,-88,13,HP-Print-C1-Deskjet 4640 series,28:80:23:f6:e0:c1,-81,11,oved-main,74:da:3a:97:66:9e,-84,6,SandyAndDanny,d0:0e:d9:26:e8:c5,-91,8,ZEISS_YEHUDA,00:1d:aa:fb:1f:b0,-88,6,iFOREX,f8:d1:11:b1:92:93,-88,13,Oberyn Martell,18:d6:c7:fb:1c:0e,-81,8,3Com,00:0f:cb:b5:2e:78,-83,11,oved-main_2EX,74:da:38:97:66:9d,-79,6,Neeman2.4,20:0c:c8:1d:c8:2b,-75,1
2017-10-27 16:28:05,model=ONEPLUS A3003,32.16770216,34.80997915,28,Nomi Fix WIFI,c4:6e:1f:30:2b:7c,-83,1,Partner,42501_13111_496642,-113,0
2017-10-27 16:28:07,model=ONEPLUS A3003,32.1676567,34.80992879,27,888Corp,0a:8d:cb:6e:71:6d,-85,44,888Corp,0a:8d:db:6e:71:6d,-78,1,Mouly,7c:b7:33:2e:76:73,-82,11,CEO-WiFi_2.4,c4:12:f5:80:24:0b,-82,1,Efrat Networks MM,94:f6:65:5b:b2:28,-84,5,888Corp,0a:8d:cb:6e:71:be,-94,44,Guest Neetwork MM,94:f6:65:1b:b2:28,-87,5,888Guest,02:8d:cb:6e:71:6d,-85,44
2017-10-27 16:28:13,model=ONEPLUS A3003,32.16758705,34.80992391,23,888Corp,0a:8d:cb:6e:71:be,-86,44,888Guest,02:8d:cb:6e:71:be,-86,44,888Free,06:8d:db:6e:71:6d,-86,1
2017-10-27 16:27:54,model=Lenovo PB2-690Y,32.16860304,34.81046488,17,Neeman2.4,20:0c:c8:1d:c8:2b,-74,1,ZEISS_YEHUDA,00:1d:aa:fb:1f:b0,-85,6,oved-main_2EX,74:da:38:97:66:9d,-87,6,oved-main_2EX,74:da:38:54:b8:1c,-90,6,HOTBOX-2E6E,c0:ac:54:f7:27:42,-90,11,devolo-0f4,30:d3:2d:37:20:f4,-93,11,Bezeq Free F026CC,6a:0c:c8:1d:c8:28,-79,1,KaymeraDev,00:f6:63:15:58:81,-93,1,kaymeraQA,00:f6:63:15:58:80,-93,1,KaymeraGuest,00:f6:63:15:58:82,-95,1
2017-10-27 16:27:57,model=Lenovo PB2-690Y,32.16828928,34.81035666,18,  InnovationEndeavors,74:da:38:a9:1c:df,-89,4,Lili,c4:12:f5:f9:5c:7c,-89,11,BezeqNGN_001489_2.4GHz_1,c0:a0:bb:cb:59:5b,-92,11,Oberyn Martell,18:d6:c7:fb:1c:0e,-77,8,DIRECT-A3-HP OfficeJet Pro 8710,a0:8c:fd:54:7b:54,-94,11,Candan,c0:ff:d4:7b:82:30,-96,1
2017-10-27 16:28:00,model=Lenovo PB2-690Y,32.16799923,34.81022347,17,edimax_2.4G_A92417,74:da:38:a9:24:17,-78,2,dlink-A09C,ac:f1:df:76:a0:9c,-87,11,Liliup,74:da:38:c3:12:45,-87,3,oved-main,74:da:39:54:b8:1d,-88,6,netbox,d0:d4:12:65:19:a2,-90,1,kessel_2,90:ef:68:30:6b:69,-75,5,terry_ap,5c:83:8f:33:bd:68,-86,1,,06:8d:db:6e:71:ed,-91,1
2017-10-27 16:28:03,model=Lenovo PB2-690Y,32.16776437,34.8100792,19,spielman,7c:b7:33:2b:c4:52,-89,11,spielman,f4:f2:6d:34:56:54,-93,11,3Com,00:0f:cb:b5:2e:78,-92,11,SandyAndDanny,d0:0e:d9:26:e8:c5,-91,8,yaront-mac,78:9f:70:7b:90:14,-93,6,forestisthebest,c8:d7:19:da:03:16,-93,1,Home,44:03:a7:e6:11:63,-95,6,888Guest,02:8d:db:6e:71:13,-85,1,Erez Man,e4:8d:8c:7f:3d:0d,-93,1,888Corp,0a:8d:db:6e:71:13,-86,1
2017-10-27 16:28:06,model=Lenovo PB2-690Y,32.167615,34.80992403,19,Mouly,7c:b7:33:2e:76:73,-82,11,ensilo_2.4GH_1,00:30:4f:82:a4:48,-83,11,Efrat Networks MM,94:f6:65:5b:b2:28,-84,5,island-074FA0,50:a7:33:47:4f:a3,-86,6,Guest Neetwork MM,94:f6:65:1b:b2:28,-90,5,888Free,06:8d:db:6e:71:be,-87,11,888Guest,02:8d:db:6e:71:6d,-88,1,HP-Print-A0-LaserJet Pro MFP,30:f7:72:6e:8e:a0,-91,6
2017-10-27 16:28:09,model=Lenovo PB2-690Y,32.16758618,34.80986741,19,KaymeraDev,00:f6:63:15:58:81,-93,1,kaymeraQA,00:f6:63:15:58:80,-94,1,KaymeraGuest,00:f6:63:15:58:82,-95,1,888Free,06:8d:db:6e:71:6d,-90,1
2017-10-27 16:28:12,model=Lenovo PB2-690Y,32.16759701,34.80985743,21,Candan,c0:ff:d4:7b:82:30,-88,1,888Guest,02:8d:db:6e:71:be,-84,11
2017-10-27 16:28:18,model=Lenovo PB2-690Y,32.16762294,34.80983426,20,island-074FA0,50:a7:33:47:4f:a3,-80,6
2017-10-27 16:28:30,model=Lenovo PB2-690Y,32.16761512,34.80984451,24,INGENEO,cc:b2:55:e8:4c:e6,-87,6
2017-10-27 16:28:36,model=Lenovo PB2-690Y,32.16762841,34.8098606,25,888Corp,0a:8d:db:6e:71:6d,-87,1
2017-10-27 16:28:44,model=Lenovo PB2-690Y,32.16764199,34.80983264,34,888Guest,02:8d:db:6e:71:6d,-82,1
2017-10-27 16:27:53,model=SHIELD Tablet,32.16869113485125,34.81050710096076,44.489720639200534,DIRECT-A4-HP OfficeJet 6950,c8:d3:ff:f9:48:a5,-85,1,oved-main_2EX,74:da:38:97:66:9d,-79,6,oved-main,74:da:3a:97:66:9e,-77,6,HOTBOX6,d8:fb:5e:17:62:4d,-90,13,bait,10:be:f5:3f:b2:ce,-93,7,oved-main,74:da:39:54:b8:1d,-96,6
2017-10-27 16:27:58,model=SHIELD Tablet,32.16818035885044,34.81026982775982,44.16976605560773,BARON WIFI 2.4,60:e3:27:bf:a1:a5,-77,11,kessel_2,90:ef:68:30:6b:69,-86,5,Levy,f8:ab:05:47:3f:d0,-87,10,Oberyn Martell,18:d6:c7:fb:1c:0e,-89,8,terry_ap,5c:83:8f:33:bd:68,-94,1,terryk,28:c6:8e:37:50:14,-96,11
2017-10-27 16:28:03,model=SHIELD Tablet,32.16778360857842,34.81003220007453,43.754024715901444,ZEISS_YEHUDA,00:1d:aa:fb:1f:b0,-86,6,Neeman2.4,20:0c:c8:1d:c8:2b,-87,1,  InnovationEndeavors,74:da:38:a9:1c:df,-94,4,edimax_2.4G_A92417,74:da:38:a9:24:17,-96,2,Bezeq Free F026CC,6a:0c:c8:1d:c8:28,-93,1
2017-10-27 16:28:07,model=SHIELD Tablet,32.16765491327528,34.80990526256212,43.51845960559633,DIRECT-A4-HP OfficeJet 6950,c8:d3:ff:f9:48:a5,-85,1,oved-main_2EX,74:da:38:97:66:9d,-79,6,oved-main,74:da:3a:97:66:9e,-77,6,HOTBOX6,d8:fb:5e:17:62:4d,-90,13,bait,10:be:f5:3f:b2:ce,-93,7,oved-main,74:da:39:54:b8:1d,-96,6
2017-10-27 16:35:33,model=ONEPLUS A3003,32.16761004,34.80986899,20,CArgentina,30:b5:c2:bd:55:32,-91,2
2017-10-27 16:35:43,model=ONEPLUS A3003,32.16732018,34.80949456,11,lavel-2,74:da:38:ae:91:7b,-81,2,brieftrace5,90:8d:78:51:52:fb,-90,48,brieftrace,90:8d:78:51:52:fc,-87,12,Rainbow Medical,90:6c:ac:f3:6a:69,-93,5
2017-10-27 16:35:48,model=ONEPLUS A3003,32.16707617,34.80915226,14,888Corp,0a:8d:db:6e:71:bf,-85,1
2017-10-27 16:35:49,model=ONEPLUS A3003,32.16702704,34.80909463,13,RS_GUEST,ec:08:6b:38:0d:dd,-89,13,DIRECT-a8-HP M477 LaserJet,aa:6b:ad:04:c6:a8,-90,6,iFOREX,f8:d1:11:b1:92:93,-85,13
2017-10-27 16:35:53,model=ONEPLUS A3003,32.16691159,34.80894877,13,CMT-ALap,94:10:3e:a8:34:a0,-89,36,RTI 15,10:fe:ed:62:9e:5c,-85,5,INGENEO,cc:b2:55:e8:4c:e6,-86,6,Partner,42501_13111_496642,-113,0
2017-10-27 16:35:54,model=ONEPLUS A3003,32.16689111,34.80892214,13,Mouly,7c:b7:33:2e:76:73,-84,11,888Corp,0a:8d:db:6e:71:6d,-88,1,Efrat Networks MM,94:f6:65:5b:b2:28,-91,5,Guest Neetwork MM,94:f6:65:1b:b2:28,-89,5
2017-10-27 16:35:58,model=ONEPLUS A3003,32.16685904,34.80887986,13,HP-Print-A0-LaserJet Pro MFP,30:f7:72:6e:8e:a0,-85,6,BlueSnap-Guest-2.4GHz,00:02:6f:bb:fd:ac,-80,1,ASUS,d0:17:c2:60:e7:38,-82,3,Crestron_23,10:fe:ed:62:9e:1a,-85,4,Hacker,cc:b2:55:e7:bf:ba,-89,6
2017-10-27 16:36:05,model=ONEPLUS A3003,32.16682356,34.80875457,13,BlueSnap-Guest-2.4GHz,c0:56:27:a0:6c:9a,-87,3
2017-10-27 16:36:07,model=ONEPLUS A3003,32.16685938,34.80863658,14,EL5,14:ae:db:3d:b1:55,-89,48,RS_GUEST,ec:08:6b:38:0d:0d,-91,44,RS_GUEST,ec:08:6b:38:0d:0e,-84,12,HOTFiber-2017,08:6a:0a:37:66:66,-89,1,HOTFiber-2017,18:1e:78:86:00:63,-90,1,BENY PUR,d8:fe:e3:03:c7:b1,-91,6,Kadabra-Guest,02:1d:aa:7c:8c:f8,-92,11,,fa:8f:ca:93:a5:64,-84,6,0506679780,5a:fe:e3:03:c7:b3,-89,6
2017-10-27 16:36:09,model=ONEPLUS A3003,32.16691556,34.80848464,15,brieftrace,90:8d:78:51:52:fc,-90,12
2017-10-27 16:36:13,model=ONEPLUS A3003,32.16706128,34.80810497,18,,fa:8f:ca:93:a5:64,-78,6,Avi_PR_2.4G,ec:08:6b:38:12:0c,-89,12
2017-10-27 16:36:15,model=ONEPLUS A3003,32.16714559,34.80787192,19,HP-Print-A0-LaserJet Pro MFP,30:f7:72:6e:8e:a0,-89,6,INGENEO,cc:b2:55:e8:4c:e6,-85,6,BlueSnap-Guest-2.4GHz,00:02:6f:bb:fd:ac,-77,1,ASUS,d0:17:c2:60:e7:38,-86,3,0506679780,5a:fe:e3:03:c7:b3,-83,6,Home.,a0:ab:1b:62:a7:bc,-80,1,Home_as,10:be:f5:42:b0:50,-86,9,Partner,42501_13111_7943939,-113,0
2017-10-27 16:36:16,model=ONEPLUS A3003,32.16718852,34.80775152,19,BlueSnap-Guest-2.4GHz,c0:56:27:a0:6c:9a,-87,3
2017-10-27 16:36:17,model=ONEPLUS A3003,32.16723596,34.80762377,20,EL5,14:ae:db:3d:b1:55,-89,48,RS_GUEST,ec:08:6b:38:0d:0d,-91,44,RS_GUEST,ec:08:6b:38:0d:0e,-85,12,HOTFiber-2017,08:6a:0a:37:66:66,-89,1,HOTFiber-2017,18:1e:78:86:00:63,-90,1,BENY PUR,d8:fe:e3:03:c7:b1,-91,6,Kadabra-Guest,02:1d:aa:7c:8c:f8,-92,11,Partner,42501_13111_496642,-113,0
2017-10-27 16:36:19,model=ONEPLUS A3003,32.16732663,34.80737383,21,brieftrace,90:8d:78:51:52:fc,-90,12
2017-10-27 16:36:22,model=ONEPLUS A3003,32.16747233,34.80698572,24,,fa:8f:ca:93:a5:64,-78,6,Avi_PR_2.4G,ec:08:6b:38:12:0c,-89,12
2017-10-27 16:36:25,model=ONEPLUS A3003,32.16759479,34.80663726,26,INGENEO,cc:b2:55:e8:4c:e6,-85,6,ASUS,d0:17:c2:60:e7:38,-86,3,0506679780,5a:fe:e3:03:c7:b3,-83,6,Home.,a0:ab:1b:62:a7:bc,-80,1,Home_as,10:be:f5:42:b0:50,-86,9,bendet1,80:1f:02:d7:6b:c8,-93,6,Heifes,20:0c:c8:10:c8:11,-92,1
2017-10-27 16:36:26,model=ONEPLUS A3003,32.16762994,34.80654255,25,EL5,14:ae:db:3d:b1:55,-89,48,RS_GUEST,ec:08:6b:38:0d:0d,-91,44,RS_GUEST,ec:08:6b:38:0d:0e,-85,12,HOTFiber-2017,08:6a:0a:37:66:66,-89,1,HOTFiber-2017,18:1e:78:86:00:63,-90,1,BENY PUR,d8:fe:e3:03:c7:b1,-91,6,Kadabra-Guest,02:1d:aa:7c:8c:f8,-92,11,Partner,42501_13111_496642,-113,0
2017-10-27 16:36:28,model=ONEPLUS A3003,32.16769385,34.80636139,27,wifi in car-1794,08:97:58:33:b7:cc,-80,1,Hazan_Home,18:d6:c7:ef:1e:a4,-87,11,shor_Ext,e2:91:f5:b6:ec:a8,-92,11
2017-10-27 16:36:35,model=ONEPLUS A3003,32.16784543,34.80608258,31,Annatel_3372,74:da:38:a9:0c:3e,-78,2,P-HOME,2c:5d:93:11:60:b8,-86,12
2017-10-27 16:36:38,model=ONEPLUS A3003,32.16792572,34.80595075,33,Avi_PR_2.4G,ec:08:6b:38:12:0c,-89,12
2017-10-27 16:36:43,model=ONEPLUS A3003,32.16775377,34.80585945,34,Home,14:ae:db:53:0c:2d,-87,6
2017-10-27 16:36:45,model=ONEPLUS A3003,32.16771032,34.80598605,34,shor_Ext,e2:91:f5:b6:ec:a8,-86,11,Bezeq Free D02536,72:0c:c8:10:c8:12,-93,1
2017-10-27 16:36:46,model=ONEPLUS A3003,32.16769534,34.80607047,34,Annatel_3372.5,74:da:38:a9:0c:43,-88,44
2017-10-27 16:36:48,model=ONEPLUS A3003,32.16765512,34.80624023,33,Bezeq Free D02536,72:0c:c8:10:c8:12,-86,1,Heifes,20:0c:c8:10:c8:11,-85,1
2017-10-27 16:36:55,model=ONEPLUS A3003,32.16747453,34.80680415,32,Ester_wifi,84:26:15:eb:2d:b3,-92,11,Casa1,f4:6b:ef:e2:2c:1f,-96,11
2017-10-27 16:36:56,model=ONEPLUS A3003,32.16744517,34.80689796,32,Home,14:ae:db:53:0c:2d,-87,6
2017-10-27 16:36:57,model=ONEPLUS A3003,32.1674137,34.80699792,32,shor_Ext,e2:91:f5:b6:ec:a8,-86,11,Avi_PR_2.4G,ec:08:6b:38:12:0c,-90,12
2017-10-27 16:36:58,model=ONEPLUS A3003,32.16737717,34.80710102,32,Annatel_3372,74:da:38:a9:0c:3e,-83,2,P-HOME,2c:5d:93:11:60:b8,-86,12,Annatel_3372.5,74:da:38:a9:0c:43,-88,44,Heifes,20:0c:c8:10:c8:11,-80,1,Casa1,f4:6b:ef:e2:2c:1f,-89,11,Barda_2,74:da:38:56:ed:e0,-80,1,Barda,00:78:9e:fa:dc:f4,-86,1,Vexlerar,e4:6f:13:70:97:c4,-87,9
2017-10-27 16:37:01,model=ONEPLUS A3003,32.16726438,34.80739771,32,Bezeq Free D02536,72:0c:c8:10:c8:12,-85,1,edimax_repeater,74:da:38:50:ce:4c,-86,2
2017-10-27 16:37:05,model=ONEPLUS A3003,32.16713504,34.80775057,31,INGENEO,cc:b2:55:e8:4c:e6,-83,6,Rabia,30:b5:c2:bd:52:40,-87,6,RS_GUEST,ec:08:6b:38:0d:0e,-83,12,Home.,a0:ab:1b:62:a7:bc,-92,1,HP-Print-FB-Officejet Pro 8610,fc:3f:db:f1:00:fb,-88,6,Partner,42501_13111_496642,-113,0
2017-10-27 16:37:07,model=ONEPLUS A3003,32.16707845,34.80791409,31,Ester_wifi,84:26:15:eb:2d:b3,-92,11
2017-10-27 16:37:09,model=ONEPLUS A3003,32.16702393,34.80806014,31,Avi_PR_2.4G,ec:08:6b:38:12:0c,-90,12
2017-10-27 16:37:10,model=ONEPLUS A3003,32.16699571,34.80813818,30,Heifes,20:0c:c8:10:c8:11,-80,1,Casa1,f4:6b:ef:e2:2c:1f,-89,11,Barda_2,74:da:38:56:ed:e0,-80,1,Barda,00:78:9e:fa:dc:f4,-86,1,Vexlerar,e4:6f:13:70:97:c4,-87,9
2017-10-27 16:37:15,model=ONEPLUS A3003,32.16688707,34.80843574,30,INGENEO,cc:b2:55:e8:4c:e6,-77,6,HOTFiber-2017,18:1e:78:86:00:63,-74,1,brieftrace,90:8d:78:51:52:fc,-82,12,BENY PUR,d8:fe:e3:03:c7:b1,-89,6,EL5,14:ae:db:3d:b1:55,-93,48,Candan,c0:ff:d4:7b:82:30,-89,1,0506679780,5a:fe:e3:03:c7:b3,-90,6
2017-10-27 16:37:27,model=ONEPLUS A3003,32.16675165,34.80870653,29,ASUS,d0:17:c2:60:e7:38,-80,3,Kadabra-Guest,02:1d:aa:7c:8c:f8,-80,11,wifi in car-1794,08:97:58:33:b7:cc,-82,1,Efrat Networks MM,94:f6:65:5b:b2:28,-85,5,HP-Print-A0-LaserJet Pro MFP,30:f7:72:6e:8e:a0,-83,6,HP-Print-82-LaserJet 200 color,68:94:23:24:b1:82,-88,6
2017-10-27 16:37:29,model=ONEPLUS A3003,32.16667554,34.80876764,29,RS_GUEST,ec:08:6b:38:0d:0e,-86,12,Partner,42501_13111_496642,-113,0
2017-10-27 16:37:34,model=ONEPLUS A3003,32.16633389,34.80863316,28,Partner-4G-C845,50:68:0a:66:c8:45,-75,8,Hacker-Ap,e8:de:27:bc:8f:2e,-90,1
2017-10-27 16:37:36,model=ONEPLUS A3003,32.16617675,34.80848806,28,BlueSnap-Guest-2.4GHz,c0:56:27:a0:6c:9a,-86,3
2017-10-27 16:37:37,model=ONEPLUS A3003,32.16609074,34.80840541,28,BlueSnap-Guest-2.4GHz,00:02:6f:bb:fd:ac,-84,1,Kadabra-AP,00:1d:aa:7c:8c:f8,-80,11,Pitarohecht,00:02:6f:a6:f1:f3,-84,1,Partner,42501_13111_7943939,-113,0
2017-10-27 16:37:38,model=ONEPLUS A3003,32.16601289,34.80832493,28,iFOREX,f8:d1:11:b1:92:93,-85,13
2017-10-27 16:37:40,model=ONEPLUS A3003,32.16585329,34.80817037,27,brieftrace,90:8d:78:51:52:fc,-89,12,Guest Neetwork MM,94:f6:65:1b:b2:28,-86,5
2017-10-27 16:37:42,model=ONEPLUS A3003,32.16570195,34.80802655,27,ASUS,d0:17:c2:60:e7:38,-80,3,Kadabra-Guest,02:1d:aa:7c:8c:f8,-80,11,wifi in car-1794,08:97:58:33:b7:cc,-82,1,Efrat Networks MM,94:f6:65:5b:b2:28,-85,5,HP-Print-A0-LaserJet Pro MFP,30:f7:72:6e:8e:a0,-83,6,HP-Print-82-LaserJet 200 color,68:94:23:24:b1:82,-88,6
2017-10-27 16:37:44,model=ONEPLUS A3003,32.16555062,34.80787312,26,AppsFlyer Guest,82:15:54:a8:8d:ef,-87,36,AppsFlyer Biz,8a:15:54:a8:8d:ef,-88,36,AppsFlyer R&D,8e:15:54:a8:8d:ef,-88,36,KD_Office_2,74:da:38:2e:ab:c9,-85,5,rainbow,ee:9f:db:7f:73:aa,-81,1,tzunami2,4c:e6:76:22:44:af,-89,4,Cloudius,de:9f:db:7f:73:aa,-90,1,MVwireless,4a:d9:e7:59:4a:f2,-91,1,RTO,e0:b9:a5:10:95:6b,-94,7,Glilot1,70:4c:a5:13:f2:f5,-95,9
2017-10-27 16:37:47,model=ONEPLUS A3003,32.16529781,34.80763223,25,Partner-4G-C845,50:68:0a:66:c8:45,-75,8,Hacker-Ap,e8:de:27:bc:8f:2e,-90,1
2017-10-27 16:37:49,model=ONEPLUS A3003,32.1651241,34.80747327,25,rainbow,ee:9f:db:7b:8a:fa,-80,11,HOTBOX,7c:03:4c:bb:29:b6,-83,13,F-Z,04:a1:51:13:13:37,-76,11,HWL,08:5b:0e:5f:b0:78,-88,11,COMET,80:1f:02:38:6a:b0,-81,11,Gil?s iMac,28:f0:76:3d:81:f8,-88,8,RTO,e0:b9:a5:10:95:6b,-85,7,GAL-ALMAGOR,14:ae:db:bd:de:12,-79,6,Off-Oz,00:25:86:b0:42:ae,-82,6,BlueSnap-Guest-2.4GHz,c0:56:27:a0:6c:9a,-86,3
2017-10-27 16:37:50,model=ONEPLUS A3003,32.16503358,34.80739189,25,BlueSnap-Guest-2.4GHz,00:02:6f:bb:fd:ac,-84,1
2017-10-27 16:37:54,model=ONEPLUS A3003,32.16465426,34.80705949,24,Glilot1,70:4c:a5:13:f2:f5,-87,9
2017-10-27 16:37:55,model=ONEPLUS A3003,32.16455381,34.80698912,24,Partner,42501_13111_99842,-113,0
2017-10-27 16:37:56,model=ONEPLUS A3003,32.16444832,34.80692798,25,AppsFlyer Guest,82:15:54:a8:8d:ef,-87,36,AppsFlyer Biz,8a:15:54:a8:8d:ef,-88,36,AppsFlyer R&D,8e:15:54:a8:8d:ef,-88,36,KD_Office_2,74:da:38:2e:ab:c9,-85,5,rainbow,ee:9f:db:7f:73:aa,-81,1,tzunami2,4c:e6:76:22:44:af,-89,4,MVwireless,4a:d9:e7:59:4a:f2,-91,1
2017-10-27 16:37:58,model=ONEPLUS A3003,32.16424028,34.80681882,25,Partner-4G-C845,50:68:0a:66:c8:45,-75,8,Hacker-Ap,e8:de:27:bc:8f:2e,-90,1
2017-10-27 16:38:00,model=ONEPLUS A3003,32.1640309,34.80670363,25,F-Z,04:a1:51:13:13:37,-84,11,rainbow,ee:9f:db:7b:8a:fa,-80,11,HOTBOX,7c:03:4c:bb:29:b6,-83,13,BlueSnap-Guest-2.4GHz,c0:56:27:a0:6c:9a,-86,3,HWL,08:5b:0e:5f:b0:78,-88,11,BlueSnap-Guest-2.4GHz,00:02:6f:bb:fd:ac,-84,1,COMET,80:1f:02:38:6a:b0,-81,11,GAL-ALMAGOR,14:ae:db:bd:de:12,-79,6,Off-Oz,00:25:86:b0:42:ae,-82,6,Cloudius,de:9f:db:7f:73:aa,-77,1
2017-10-27 16:38:04,model=ONEPLUS A3003,32.16364117,34.80647913,24,Glilot1,70:4c:a5:13:f2:f5,-87,9,DELEK-GROUP,34:db:fd:0a:68:80,-76,13,eliya23,00:1d:aa:7c:08:5c,-80,11,S&W,82:2a:a8:b5:b7:1a,-82,11,DELEK-GROUP,34:db:fd:0a:66:b0,-88,9,drupe 2.4G,ec:08:6b:27:b0:2f,-85,4,murraydiane,c4:12:f5:83:aa:0c,-89,11,BezeqNGN_XA28CE_2.4GHz_1,6c:b0:ce:38:48:7f,-76,6,DELEK-GUEST,34:db:fd:0a:68:81,-76,13,DELEK-GUEST,c0:25:5c:ec:9d:81,-83,9
2017-10-27 16:38:06,model=ONEPLUS A3003,32.16348677,34.80640188,23,Partner,42501_13111_99842,-113,0
2017-10-27 16:38:07,model=ONEPLUS A3003,32.16342031,34.80637038,23,AppsFlyer Guest,82:15:54:a8:8d:ef,-87,36,AppsFlyer Biz,8a:15:54:a8:8d:ef,-88,36,AppsFlyer R&D,8e:15:54:a8:8d:ef,-88,36,KD_Office_2,74:da:38:2e:ab:c9,-85,5,rainbow,ee:9f:db:7f:73:aa,-81,1,tzunami2,4c:e6:76:22:44:af,-89,4,MVwireless,4a:d9:e7:59:4a:f2,-91,1
2017-10-27 16:38:08,model=ONEPLUS A3003,32.16336032,34.80634707,22,drupe 2.4G,ec:08:6b:27:b0:2f,-78,4,RTI 15,10:fe:ed:62:9e:5c,-78,5,drupe_kitchen,14:ae:db:38:cc:ad,-81,11,GD,f0:9f:c2:f1:c8:5f,-84,1,GDLWIFI,f2:9f:c2:f1:c8:5f,-84,1,JWN,6c:b0:ce:33:a2:d0,-85,11,DIRECT-F7-HP DeskJet 4670 series,b0:5a:da:fa:39:f8,-86,1,DIRECT-37-HP OfficeJet Pro 8720,a0:8c:fd:5b:1c:38,-87,8,Carmel MR,10:be:f5:3a:ec:76,-89,9,HP-Print-2a-LaserJet 400 MFP,ac:d1:b8:ac:e8:2a,-84,6
2017-10-27 16:38:14,model=ONEPLUS A3003,32.16325281,34.80629334,22,DELEK-GROUP,c0:25:5c:df:62:e0,-78,5,EIS70,04:bd:88:e3:6f:f1,-88,44,EIS LAB,04:bd:88:e3:6f:f0,-89,44,ZeroOne 2.4GHz,14:ae:db:3e:de:ea,-83,2,S&W,82:2a:a8:b5:ab:cd,-85,1,drupe 5G,ec:08:6b:27:b0:2e,-93,36,TNCAPE5A34D,30:91:8f:51:3b:fe,-86,11
2017-10-27 16:38:19,model=ONEPLUS A3003,32.16325323,34.80629235,21,Crestron_23,10:fe:ed:62:9e:1a,-81,4,DELEK-GUEST,c0:25:5c:df:62:e1,-78,5
2017-10-27 16:38:25,model=ONEPLUS A3003,32.16325827,34.80628582,21,drupe 2.4G,ec:08:6b:27:b0:2f,-70,4,ZeroOne 2.4GHz,14:ae:db:3e:de:ea,-77,2,Wallashops-Guest,00:c8:8b:28:28:21,-92,1
2017-10-27 16:38:34,model=ONEPLUS A3003,32.16326247,34.80628454,20,RAN COHEN 1,7c:03:4c:ff:71:5e,-89,1,Sodyo,14:ae:db:30:59:ca,-90,8,JONEY_2.4,6c:b0:ce:3a:83:4e,-91,1
2017-10-27 16:38:39,model=ONEPLUS A3003,32.16326514,34.80627809,21,Partner,42501_13111_8652802,-113,0
2017-10-27 16:38:49,model=ONEPLUS A3003,32.16325342,34.80626799,17,DELEK-GROUP,c0:25:5c:df:62:e0,-73,5,Biopharmax Guest,18:e7:28:50:04:48,-88,1,EIS LAB,04:bd:88:e3:6f:e0,-89,1,moriroku3,04:a1:51:e0:70:bb,-93,1,Wallashops-Office,00:c8:8b:28:28:20,-94,1
2017-10-27 16:39:01,model=ONEPLUS A3003,32.16324212,34.80626363,14,DELEK-GUEST,c0:25:5c:df:62:e1,-73,5
2017-10-27 16:39:04,model=ONEPLUS A3003,32.16324055,34.80625805,14,BEZEQ_SNW,c4:12:f5:f5:b9:96,-90,11
2017-10-27 16:39:13,model=ONEPLUS A3003,32.16308615,34.80622228,18,EIS70,04:bd:88:e3:6f:e1,-81,1,HP-Print-B1-Officejet Pro 8610,fc:15:b4:a7:ce:b1,-84,4,DIRECT-C6-HP DeskJet 3830 series,dc:4a:3e:cf:77:77,-85,6,DELEK-GROUP,34:db:fd:0a:6b:60,-87,1,marvin,04:a1:51:11:0e:ee,-90,11,DELEK-GUEST,34:db:fd:0a:6b:61,-88,1
2017-10-27 16:39:19,model=ONEPLUS A3003,32.16287499,34.80662576,17,drupe 5G,ec:08:6b:27:b0:2e,-83,36,DIRECT-37-HP OfficeJet Pro 8720,a0:8c:fd:5b:1c:38,-79,8,Sodyo,14:ae:db:30:59:ca,-82,8,ZeroOne 5.0GHz,14:ae:db:3e:de:ed,-86,48,Partner-4G-7C3F,9c:b2:b2:32:7c:3f,-81,1,Biopharmax Guest,18:e7:28:50:04:78,-82,1,vecorp,64:f6:9d:6a:bb:ef,-92,36,veguest,64:f6:9d:6a:bb:e1,-86,9
2017-10-27 16:39:23,model=ONEPLUS A3003,32.16270182,34.80704332,18,DIRECT-7iM2020 Series,32:cd:a7:1e:df:40,-77,11,Natam_sharon,e4:6f:13:6f:c8:8a,-84,9,Bello1,80:1f:02:51:34:d2,-71,6,HP-Print-A7-Officejet Pro 6830,dc:4a:3e:39:49:a7,-82,6,Ran,00:10:f3:69:eb:b7,-84,11,ran,14:ae:db:32:cf:62,-77,10,,88:dc:96:17:c0:9e,-77,6,TNCAPF791CB,c4:ea:1d:f7:91:cb,-76,11,VITEC-IL,80:26:89:0d:5a:2c,-82,9,HP-Setup>4a-M277 LaserJet,fa:da:0c:7e:1b:4a,-85,6
2017-10-27 16:39:25,model=ONEPLUS A3003,32.1626396,34.80718554,19,eliya23,00:1d:aa:7c:08:5c,-79,11,S&W,82:2a:a8:b5:b7:1a,-88,11,BezeqNGN_XA28CE_2.4GHz_1,6c:b0:ce:38:48:7f,-84,6,murraydiane,c4:12:f5:83:aa:0c,-86,11
2017-10-27 16:39:26,model=ONEPLUS A3003,32.16261804,34.80723988,19,EIS70,04:bd:88:e3:6f:e1,-81,1,HP-Print-B1-Officejet Pro 8610,fc:15:b4:a7:ce:b1,-84,4,DIRECT-C6-HP DeskJet 3830 series,dc:4a:3e:cf:77:77,-85,6,DELEK-GROUP,34:db:fd:0a:6b:60,-87,1,marvin,04:a1:51:11:0e:ee,-90,11,DELEK-GUEST,34:db:fd:0a:6b:61,-88,1
2017-10-27 16:39:27,model=ONEPLUS A3003,32.16259252,34.80729986,19,drupe 2.4G,ec:08:6b:27:b0:2f,-83,4,DELEK-GROUP,c0:25:5c:df:62:e0,-73,5,EIS70,04:bd:88:e3:6f:f1,-91,44,EIS LAB,04:bd:88:e3:6f:f0,-92,44,ZeroOne 2.4GHz,14:ae:db:3e:de:ea,-80,2,Crestron_23,10:fe:ed:62:9e:1a,-83,4,DELEK-GUEST,c0:25:5c:df:62:e1,-74,5,BEZEQ_SNW,c4:12:f5:f5:b9:96,-90,11
2017-10-27 16:39:28,model=ONEPLUS A3003,32.16256149,34.80736448,20,drupe_kitchen,14:ae:db:38:cc:ad,-81,11,JWN,6c:b0:ce:33:a2:d0,-90,11,HP-Print-2a-LaserJet 400 MFP,ac:d1:b8:ac:e8:2a,-86,6,RTI 15,10:fe:ed:62:9e:5c,-80,5
2017-10-27 16:39:29,model=ONEPLUS A3003,32.16252979,34.80743657,20,Partner,42501_13111_99842,-113,0
2017-10-27 16:39:33,model=ONEPLUS A3003,32.16237173,34.80778438,22,ZeroOne 5.0GHz,14:ae:db:3e:de:ed,-86,48,drupe 5G,ec:08:6b:27:b0:2e,-83,36,vecorp,64:f6:9d:6a:bb:ef,-92,36,AdXP_5GHz,48:f8:b3:cc:fc:1d,-84,36,ADX_HOT_EX2.4G,f8:e9:03:0f:24:49,-81,11,veguest,64:f6:9d:6a:bb:e1,-86,9,DIRECT-OPWorkCentre 3025,9e:93:4e:3f:e8:41,-83,11,Sodyo,14:ae:db:30:59:ca,-82,8,ADX_HOT_EX5G,f8:e9:03:0f:24:4a,-91,36,ADX HOT,7c:b7:33:2c:95:41,-78,11
2017-10-27 16:39:34,model=ONEPLUS A3003,32.16233081,34.80787443,22,ADX_HOT_EX2.4G,f8:e9:03:0f:24:49,-76,11,,94:b4:0f:d1:60:11,-87,48,,94:b4:0f:d1:60:12,-87,48,,94:b4:0f:d1:60:14,-87,48,,94:b4:0f:d1:60:13,-88,48,Pronto Network EMPK,00:14:78:fe:08:48,-80,6,Life,94:b4:0f:d1:60:10,-88,48
2017-10-27 16:39:36,model=ONEPLUS A3003,32.16225606,34.80805928,22,Natam_sharon,e4:6f:13:6f:c8:8a,-81,9,Bello1,80:1f:02:51:34:d2,-71,6,HP-Print-A7-Officejet Pro 6830,dc:4a:3e:39:49:a7,-82,6,Ran,00:10:f3:69:eb:b7,-84,11,ran,14:ae:db:32:cf:62,-77,10,,88:dc:96:17:c0:9e,-77,6,TNCAPF791CB,c4:ea:1d:f7:91:cb,-76,11,VITEC-IL,80:26:89:0d:5a:2c,-82,9,HP-Setup>4a-M277 LaserJet,fa:da:0c:7e:1b:4a,-85,6,JONEY_2.4,6c:b0:ce:3a:83:4e,-73,1
2017-10-27 16:39:38,model=ONEPLUS A3003,32.16217575,34.80826426,23,HP-Print-B1-Officejet Pro 8610,fc:15:b4:a7:ce:b1,-84,4
2017-10-27 16:39:39,model=ONEPLUS A3003,32.16212608,34.80837613,24,drupe 2.4G,ec:08:6b:27:b0:2f,-83,4,RTI 15,10:fe:ed:62:9e:5c,-82,5
2017-10-27 16:39:40,model=ONEPLUS A3003,32.16207637,34.8084889,24,Partner,42501_13111_99843,-113,0
2017-10-27 16:39:43,model=ONEPLUS A3003,32.16192277,34.80882081,27,Life,94:b4:0f:d1:60:10,-80,48,AdXP_5GHz,48:f8:b3:cc:fc:1d,-84,36,Zerto,08:5b:0e:e8:56:cd,-80,11,Zerto Guests,1a:5b:0e:e8:56:cd,-80,11,Zerto Guests,1a:5b:0e:e8:56:d5,-91,44,DIRECT-OPWorkCentre 3025,9e:93:4e:3f:e8:41,-83,11,Taykey - Office,e0:10:7f:09:25:b8,-86,13,ADX HOT,7c:b7:33:2c:95:41,-77,11,Taykey - Guest,e0:10:7f:49:25:b8,-88,13,NXP-R_D,1a:5b:0e:ec:64:6f,-86,6
2017-10-27 16:39:44,model=ONEPLUS A3003,32.16187533,34.80891964,27,ADX_HOT_EX2.4G,f8:e9:03:0f:24:49,-76,11,,94:b4:0f:d1:60:11,-87,48,,94:b4:0f:d1:60:12,-87,48,,94:b4:0f:d1:60:14,-87,48,,94:b4:0f:d1:60:13,-88,48,Pronto Network EMPK,00:14:78:fe:08:48,-80,6
2017-10-27 16:39:46,model=ONEPLUS A3003,32.16180496,34.80908009,27,Natam_sharon,e4:6f:13:6f:c8:8a,-81,9,Bello1,80:1f:02:51:34:d2,-71,6,HP-Print-A7-Officejet Pro 6830,dc:4a:3e:39:49:a7,-82,6,Ran,00:10:f3:69:eb:b7,-84,11,ran,14:ae:db:32:cf:62,-77,10,TNCAPF791CB,c4:ea:1d:f7:91:cb,-76,11,VITEC-IL,80:26:89:0d:5a:2c,-82,9,HP-Setup>4a-M277 LaserJet,fa:da:0c:7e:1b:4a,-85,6,JONEY_2.4,6c:b0:ce:3a:83:4e,-73,1,83N-Guest,a2:6c:ac:7f:23:cf,-84,1
2017-10-27 16:39:49,model=ONEPLUS A3003,32.16176282,34.80915551,27,AP-1 station,68:72:51:26:f0:94,-75,13,,94:b4:0f:d1:60:04,-72,11,,94:b4:0f:d1:60:03,-72,11,elastifile,06:18:d6:a9:2e:98,-81,11,Taykey - Office,e0:10:7f:09:37:f8,-81,4,Partner-4G-8AB4,b0:89:00:d8:8a:b4,-84,9,Taykey - Office,e0:10:7f:09:37:fc,-92,52,Taykey - Guest,e0:10:7f:49:37:fc,-93,52,Partner,42501_13111_2460163,-113,0
2017-10-27 16:39:53,model=ONEPLUS A3003,32.1617619,34.80915959,27,BigMeeting_5G,74:da:38:b6:ed:91,-88,44,Taykey - Office,e0:10:7f:09:1e:fc,-90,36,Taykey - Guest,e0:10:7f:49:1e:fc,-91,36,AP-1 station,68:72:51:26:f0:94,-68,13,Zero,00:1e:2a:cf:f2:10,-85,11,,88:dc:96:17:c1:5c,-58,6,Alpha.guest,74:da:38:b6:ed:8d,-79,4,CST-IL-Guest,82:2a:a8:4a:c9:37,-85,3,4G_UFI-E63,3a:12:2d:b9:ce:63,-82,3,EF_Guest,56:d9:e7:d7:c6:14,-82,1
2017-10-27 16:40:04,model=ONEPLUS A3003,32.16175659,34.80914959,27,,88:dc:96:17:c0:9e,-62,6,AP-1 station,68:72:51:26:f0:94,-62,13,Alpha.guest,74:da:38:b6:ed:8d,-74,4,wifi in car-0965,08:97:58:33:b1:52,-79,2
2017-10-27 16:40:10,model=ONEPLUS A3003,32.16175542,34.80915293,27,CST-IL-WLAN,80:2a:a8:4a:c9:37,-81,3,BigMeeting_2.4G,74:da:38:b6:ed:8c,-73,4,A.M.P end,c4:6e:1f:ab:77:3e,-83,3,elastifile,46:d9:e7:d7:c6:14,-84,1,,fa:8f:ca:7b:b0:62,-83,1
2017-10-27 16:40:17,model=ONEPLUS A3003,32.16174925,34.80915533,28,4G_UFI-E63,3a:12:2d:b9:ce:63,-76,3,ESI-Guest,00:0c:e6:02:66:70,-84,6
2017-10-27 16:40:19,model=ONEPLUS A3003,32.1617472,34.80915505,28,,88:dc:96:17:c1:5c,-53,6,,94:b4:0f:d1:60:02,-77,11,Taykey - Guest,e0:10:7f:49:1e:f8,-81,13,Taykey - Office,e0:10:7f:09:1e:f8,-87,13
2017-10-27 16:40:29,model=ONEPLUS A3003,32.16174525,34.80915575,29,ESI-Guest,00:0c:e6:02:8f:c9,-86,36,ESI-New,00:0c:e6:02:1d:6a,-89,36,Zerto Guests,1a:5b:0e:e8:53:eb,-91,1
2017-10-27 16:40:34,model=ONEPLUS A3003,32.16174708,34.80915921,29,ESI-Guest,00:0c:e6:02:66:70,-77,6
2017-10-27 16:40:41,model=ONEPLUS A3003,32.1617425,34.80916339,29,Triumph,10:0d:7f:86:c9:7c,-79,5,SETUP,2a:66:bc:ce:e1:75,-83,11
2017-10-27 16:40:49,model=ONEPLUS A3003,32.1617389,34.8091657,29,ESI-New,00:0c:e6:02:1d:6a,-84,36
2017-10-27 16:40:53,model=ONEPLUS A3003,32.16172678,34.8093232,30,Partner-4G-8D4B,44:6e:e5:67:8d:4b,-83,1,as-om,a0:ab:1b:5f:51:48,-88,3,Carmel MR,10:be:f5:3a:ec:76,-92,9
2017-10-27 16:40:54,model=ONEPLUS A3003,32.16176059,34.80937983,30,RTI 15,10:fe:ed:62:9e:5c,-81,5
2017-10-27 16:41:03,model=ONEPLUS A3003,32.16243581,34.80988726,37,Life,94:b4:0f:d1:60:10,-87,48,Life,94:b4:0f:d1:60:00,-75,11,MWTL,ec:8c:a2:48:f1:98,-88,4,BI WIFI,ec:8c:a2:c8:f1:98,-90,4,Office Network,90:a7:c1:0c:4d:14,-90,10,Burgerim,cc:b2:55:68:13:c0,-86,6,offise2.4,48:ee:0c:3e:ad:41,-86,8,Matrix HZ WiFi,ec:8c:a2:08:f1:98,-87,4,MWTL Mobile (POMS),ec:8c:a2:88:f1:98,-86,4,MAAGALIM-OFFICE,24:0a:64:b7:14:16,-87,1
2017-10-27 16:41:04,model=ONEPLUS A3003,32.16251924,34.80993687,36,MAAGALIM-OFFICE,24:0a:64:b7:14:16,-82,1,Maagalim-Guest,26:0a:64:b7:14:16,-80,1,Matrix HZ WiFi,ec:8c:a2:08:f1:9c,-90,40,MWTL,ec:8c:a2:48:f1:9c,-91,40,Thome_York,6c:3b:6b:bc:80:bc,-85,3
2017-10-27 16:41:07,model=ONEPLUS A3003,32.16279808,34.81010007,35,Taykey - Office,e0:10:7f:09:1e:fc,-92,36,Taykey - Guest,e0:10:7f:49:1e:fc,-90,36,ESI-Guest,00:0c:e6:02:8f:c9,-89,36,AP-1 station,68:72:51:26:f0:94,-71,13,ESI-New,00:0c:e6:02:1d:6a,-89,36,,88:dc:96:17:c0:9e,-82,6,Carmel MR,10:be:f5:3a:ec:76,-92,9,,88:dc:96:17:c1:5c,-63,6,as-om,a0:ab:1b:5f:51:48,-88,3,elastifile,06:18:d6:a9:2e:98,-82,11
2017-10-27 16:41:08,model=ONEPLUS A3003,32.16289302,34.81015746,34,Partner,42501_13111_99841,-113,0
2017-10-27 16:41:13,model=ONEPLUS A3003,32.163365,34.8104454,34,WeDiggIT,64:a5:c3:6a:07:10,-78,11,shremadv,a0:ab:1b:5f:26:50,-76,10,Techtrends,6c:f0:49:aa:44:a6,-81,6,axentia,48:a9:d2:86:e3:c0,-84,2,Ronitskin,d8:fb:5e:18:4a:f1,-91,9,WeDiggIT's Lab Guest,66:a2:0b:6a:c3:a0,-78,6,BezeqNGN_W02A45_5GHz_1,20:0c:c8:11:19:7f,-87,44,Voicesense_guest,90:6c:ac:aa:61:a2,-67,11,Micasah2,74:da:38:c3:45:a5,-79,3,axentia Guest,4e:a9:d2:86:e3:c0,-84,2
2017-10-27 16:41:14,model=ONEPLUS A3003,32.1634514,34.81049825,34,offise2.4,48:ee:0c:3e:ad:41,-86,8,Burgerim,cc:b2:55:68:13:c0,-86,6,MWTL Mobile (POMS),ec:8c:a2:88:f1:98,-86,4,Matrix HZ WiFi,ec:8c:a2:08:f1:98,-91,4,MWTL,ec:8c:a2:48:f1:98,-88,4,BI WIFI,ec:8c:a2:c8:f1:98,-89,4,Office Network,90:a7:c1:0c:4d:14,-90,10
2017-10-27 16:41:15,model=ONEPLUS A3003,32.1635341,34.81054774,35,MAAGALIM-OFFICE,24:0a:64:b7:14:16,-82,1,Maagalim-Guest,26:0a:64:b7:14:16,-80,1,Matrix HZ WiFi,ec:8c:a2:08:f1:9c,-90,40,MWTL,ec:8c:a2:48:f1:9c,-91,40,Thome_York,6c:3b:6b:bc:80:bc,-85,3
2017-10-27 16:41:19,model=ONEPLUS A3003,32.16384504,34.81074336,36,Taykey - Office,e0:10:7f:09:1e:fc,-92,36,Taykey - Guest,e0:10:7f:49:1e:fc,-90,36,ESI-Guest,00:0c:e6:02:8f:c9,-89,36,AP-1 station,68:72:51:26:f0:94,-71,13,ESI-New,00:0c:e6:02:1d:6a,-89,36,wasserman,14:ae:db:be:0e:4a,-81,8,,88:dc:96:17:c0:9e,-82,6,sizer,14:ae:db:32:cf:5a,-82,10,Carmel MR,10:be:f5:3a:ec:76,-92,9,Hartech B Guest,e8:cc:18:7d:59:80,-85,12
2017-10-27 16:41:20,model=ONEPLUS A3003,32.16392443,34.81079613,36,Partner,42501_13111_99841,-113,0
2017-10-27 16:41:23,model=ONEPLUS A3003,32.16415571,34.81093971,38,DecorHRZ2-5Ghz,50:c7:bf:8a:79:62,-87,36,Decor-HRZ,18:d6:c7:e1:b7:cc,-86,4,yakov,e8:fc:af:9d:79:78,-88,11,Mitrelli_Guest,2c:c5:d3:50:b1:b8,-90,6,users,2c:c5:d3:10:b1:b8,-90,6,BezeqFree,62:12:f5:f9:26:6d,-91,10,Sim777,c4:12:f5:f9:26:6c,-92,10,DecorGuest,1c:d6:c7:e1:b7:cc,-87,4,Partner,42501_13111_7943939,-113,0
2017-10-27 16:41:26,model=ONEPLUS A3003,32.16438556,34.81108169,38,WeDiggIT,64:a5:c3:6a:07:10,-78,11,shremadv,a0:ab:1b:5f:26:50,-76,10,Techtrends,6c:f0:49:aa:44:a6,-81,6,Corex2.4,04:a1:51:c3:69:5f,-88,1,Ronitskin,d8:fb:5e:18:4a:f1,-91,9,WeDiggIT's Lab Guest,66:a2:0b:6a:c3:a0,-78,6,BezeqNGN_W02A45_5GHz_1,20:0c:c8:11:19:7f,-87,44,Voicesense_guest,90:6c:ac:aa:61:a2,-67,11,Micasah2,74:da:38:c3:45:a5,-79,3,axentia,48:a9:d2:86:e3:c0,-84,2
2017-10-27 16:41:27,model=ONEPLUS A3003,32.16446235,34.81112544,39,Matrix HZ WiFi,ec:8c:a2:08:f1:98,-91,4,BI WIFI,ec:8c:a2:c8:f1:98,-89,4
2017-10-27 16:41:28,model=ONEPLUS A3003,32.16454013,34.8111777,38,MAAGALIM-OFFICE,24:0a:64:b7:14:16,-82,1,Maagalim-Guest,26:0a:64:b7:14:16,-80,1,Matrix HZ WiFi,ec:8c:a2:08:f1:9c,-90,40,MWTL,ec:8c:a2:48:f1:9c,-91,40,Thome_York,6c:3b:6b:bc:80:bc,-85,3
2017-10-27 16:41:31,model=ONEPLUS A3003,32.16479463,34.81134119,38,Partner,42501_13111_7943947,-113,0
2017-10-27 16:41:33,model=ONEPLUS A3003,32.16495413,34.8114296,38,HP-Print-20-Deskjet 4640 series,8c:dc:d4:6a:d0:20,-78,6,GA-Simba,20:4e:7f:27:b9:f4,-87,11,Bezeq Free,62:cc:18:eb:af:43,-77,6,HP-Print-C4-Officejet Pro 6830,70:5a:0f:02:dd:c4,-79,6,DIRECT-AD-HP OfficeJet Pro 8730,ee:8e:b5:09:8a:ad,-76,8,Bezeq-N_ebaf41,e8:cc:18:eb:af:42,-77,6,DIRECT-71-HP OfficeJet 7510,64:51:06:f6:8a:7f,-82,6,Aoffice,00:10:f3:63:f7:67,-80,4,Howazit,1c:b9:c4:0f:44:bc,-90,36,wasserman,14:ae:db:be:0e:4a,-81,8
2017-10-27 16:41:36,model=ONEPLUS A3003,32.16517498,34.81150858,39,DecorHRZ2-5Ghz,50:c7:bf:8a:79:62,-87,36,Decor-HRZ,18:d6:c7:e1:b7:cc,-86,4,yakov,e8:fc:af:9d:79:78,-88,11,Mitrelli_Guest,2c:c5:d3:50:b1:b8,-90,6,users,2c:c5:d3:10:b1:b8,-90,6,BezeqFree,62:12:f5:f9:26:6d,-91,10,Sim777,c4:12:f5:f9:26:6c,-92,10,DecorGuest,1c:d6:c7:e1:b7:cc,-87,4
2017-10-27 16:41:40,model=ONEPLUS A3003,32.16544557,34.81154787,43,WeDiggIT,64:a5:c3:6a:07:10,-78,11,shremadv,a0:ab:1b:5f:26:50,-76,10,Techtrends,6c:f0:49:aa:44:a6,-81,6,Corex2.4,04:a1:51:c3:69:5f,-88,1,Ronitskin,d8:fb:5e:18:4a:f1,-91,9,WeDiggIT's Lab Guest,66:a2:0b:6a:c3:a0,-78,6,BezeqNGN_W02A45_5GHz_1,20:0c:c8:11:19:7f,-87,44,Voicesense_guest,90:6c:ac:aa:61:a2,-67,11,Micasah2,74:da:38:c3:45:a5,-79,3,axentia,48:a9:d2:86:e3:c0,-84,2
2017-10-27 16:41:43,model=ONEPLUS A3003,32.165556,34.81155984,41,  InnovationEndeavors,74:da:38:a9:1c:df,-74,4,Playrix2.4G,f2:9f:c2:91:07:b0,-79,11,,f0:7f:06:75:02:ed,-83,48,AppleWiFiSecure,f0:7f:06:75:02:ee,-84,48,AppleWifi,f0:7f:06:75:02:ef,-84,48,KDF,a8:f7:e0:09:13:a0,-85,11,RealAP,f8:e7:1e:2e:5f:a8,-85,8,Howazit,00:10:f3:62:f3:da,-91,1,,f0:7f:06:77:19:bd,-92,48,AppleWifi,f0:7f:06:6e:00:50,-90,13
2017-10-27 16:41:48,model=ONEPLUS A3003,32.16557331,34.81155546,42,Partner,42501_13111_7943948,-113,0
2017-10-27 16:41:49,model=ONEPLUS A3003,32.16557297,34.81155645,42,CORP-W1F1,84:3d:c6:d5:4e:c3,-83,13,DIRECT-9ZCLX-3300 Series,32:cd:a7:24:99:4a,-80,11,EMC-Corp,84:3d:c6:d5:4e:c4,-84,13,Howazit,1c:b9:c4:0f:44:b8,-81,8,,f0:7f:06:75:02:ec,-90,48,Pivotal,84:3d:c6:d5:4e:cb,-82,13,HeliconBooks,e8:cc:18:eb:7b:2b,-80,6,KD_Office_3,74:da:38:b0:67:d6,-85,4,kiosk,14:ae:db:3d:28:7a,-84,7,Bizur_2.4,14:ae:db:36:82:35,-80,6
2017-10-27 16:41:54,model=ONEPLUS A3003,32.1655762,34.81155483,43,Gandyr-right,74:da:38:3b:d8:08,-86,6,Rhodium-WiFi-guest,72:3a:cb:6a:d0:4c,-86,6,EMC-Open,84:3d:c6:d5:4e:c7,-86,13,Gandyr Left,00:1f:1f:da:15:48,-94,11,DELL_Guest,84:3d:c6:d5:4e:c1,-86,13
2017-10-27 16:42:04,model=ONEPLUS A3003,32.16557026,34.81155966,42,kiosk,14:ae:db:3d:28:7a,-77,7,,f0:7f:06:68:c6:6d,-86,48,,f0:7f:06:6e:00:53,-83,13,,84:3d:c6:d5:4e:c6,-84,13
2017-10-27 16:42:06,model=ONEPLUS A3003,32.16556966,34.81155929,42,Idanktv_2.4,6c:b0:ce:2f:4b:3f,-87,1
2017-10-27 16:42:18,model=ONEPLUS A3003,32.16557919,34.81156458,41,LIAT,14:ae:db:39:31:d5,-93,11,,f8:d1:11:b1:92:4c,-91,13
2017-10-27 16:42:30,model=ONEPLUS A3003,32.16558774,34.81158447,41,Rhodium-WiFi,70:3a:cb:6a:d0:4f,-81,6,AppleWifi,f0:7f:06:68:c6:6f,-88,48,,f0:7f:06:02:21:3c,-90,44,AppleWiFiSecure,f0:7f:06:02:21:3e,-91,44,HP-Print-97-LaserJet 400 MFP,74:29:af:74:f9:97,-89,6
2017-10-27 16:42:34,model=ONEPLUS A3003,32.16558665,34.81158673,38,BezeqFree,06:ae:db:c7:78:85,-82,1,,f0:7f:06:02:21:3d,-91,44,AppleWifi,f0:7f:06:02:21:3f,-93,44
2017-10-27 16:42:41,model=ONEPLUS A3003,32.16563477,34.81157988,37,KD_Office_2,74:da:38:2e:ab:c9,-78,5,EXITROOM,e4:6f:13:6f:f9:7c,-90,13,HP-Print-82-LaserJet 200 color,68:94:23:24:b1:82,-80,6
2017-10-27 16:42:45,model=ONEPLUS A3003,32.16583278,34.81150408,38,Partner,42501_13111_7943947,-113,0
2017-10-27 16:42:49,model=ONEPLUS A3003,32.16594306,34.8110889,35,Playrix2.4G,f2:9f:c2:91:07:b0,-70,11,KDF,a8:f7:e0:09:13:a0,-78,11,RealAP,f8:e7:1e:2e:5f:a8,-73,8,NationE,c0:4a:00:bb:41:2c,-82,9,SECUBIT2017,88:dc:96:2a:5d:00,-84,6,DIRECT-VsWorkCentre 3335,9e:93:4e:78:d6:3e,-87,1,Inspectors SH-AV,50:c7:bf:8f:a3:e2,-93,7,NanoRetina,1a:5b:0e:ec:b3:1d,-90,3,BezeqNGN_RA88CD_5GHz_1,c0:ff:d4:83:15:a1,-92,60
2017-10-27 16:42:51,model=ONEPLUS A3003,32.16600888,34.81083284,34,mmm,9c:1c:12:ab:f1:b2,-92,52,Howazit,1c:b9:c4:0f:44:bc,-92,36,rdm,9c:1c:12:ab:f1:b0,-92,52,Pivotal,84:3d:c6:d5:52:db,-82,13,DIRECT-GjM288x Series,32:cd:a7:27:19:d7,-91,11,Pitarohecht,24:a2:e1:f2:12:76,-92,6,OFFICES,1e:18:1a:84:3d:8c,-89,36,EMC-Open,84:3d:c6:d5:52:d7,-82,13,DELL_Guest,84:3d:c6:d5:52:d1,-82,13,east,00:24:6c:34:dc:40,-75,11
2017-10-27 16:42:54,model=ONEPLUS A3003,32.1661395,34.81042983,32,Pivotal,84:3d:c6:d5:4e:cb,-89,13,CORP-W1F1,84:3d:c6:d5:4e:c3,-91,13,EMC-Corp,84:3d:c6:d5:4e:c4,-91,13,EMC-Open,84:3d:c6:d5:4e:c7,-92,13,DELL_Guest,84:3d:c6:d5:4e:c1,-90,13,Howazit,1c:b9:c4:0f:44:b8,-84,8,EXITROOM,e4:6f:13:6f:f9:7c,-90,13,HP-Print-82-LaserJet 200 color,68:94:23:24:b1:82,-84,6,KD_Office_2,74:da:38:2e:ab:c9,-76,5,  InnovationEndeavors,74:da:38:a9:1c:df,-80,4
2017-10-27 16:42:57,model=ONEPLUS A3003,32.16627513,34.81008702,32,Playrix2.4G,f2:9f:c2:91:07:b0,-72,11,KDF,a8:f7:e0:09:13:a0,-78,11,RealAP,f8:e7:1e:2e:5f:a8,-73,8,NationE,c0:4a:00:bb:41:2c,-82,9,SECUBIT2017,88:dc:96:2a:5d:00,-84,6,DIRECT-VsWorkCentre 3335,9e:93:4e:78:d6:3e,-89,1,Inspectors SH-AV,50:c7:bf:8f:a3:e2,-93,7,NanoRetina,1a:5b:0e:ec:b3:1d,-90,3,BezeqNGN_RA88CD_5GHz_1,c0:ff:d4:83:15:a1,-92,60
2017-10-27 16:43:02,model=ONEPLUS A3003,32.16650275,34.8095758,30,mmm,9c:1c:12:ab:f1:b2,-92,52,rdm,9c:1c:12:ab:f1:b0,-92,52,OFFICES,1e:18:1a:84:3d:8c,-89,36,EMC-Open,84:3d:c6:d5:52:d7,-82,13,DELL_Guest,84:3d:c6:d5:52:d1,-82,13,east,00:24:6c:34:dc:40,-75,11,OFFICES,1e:18:1a:84:39:82,-91,48,CORP-W1F1,84:3d:c6:d5:52:d3,-83,13,CMT-ALap,94:10:3e:a8:34:a0,-73,36,Pivotal,84:3d:c6:d5:52:db,-82,13
2017-10-27 16:43:04,model=ONEPLUS A3003,32.16656924,34.80942216,29,HP-Print-82-LaserJet 200 color,68:94:23:24:b1:82,-84,6,HP-Print-A0-LaserJet Pro MFP,30:f7:72:6e:8e:a0,-73,6,BlueSnap-Guest-2.4GHz,00:02:6f:bb:fd:ac,-77,1,win-teuch,c4:12:f5:83:3a:88,-80,1,contigo,10:be:f5:3a:26:60,-85,3,Maxillent,90:6c:ac:60:6c:8b,-87,3,LighTalk,54:a2:74:d9:cc:70,-90,4,default,00:40:f4:95:41:22,-82,6,Partner,42501_13111_7943947,-113,0
2017-10-27 16:43:07,model=ONEPLUS A3003,32.1666435,34.80926224,29,Bezeq2.4,14:ae:db:b3:7b:65,-90,6,888Free,06:8d:db:6e:71:ad,-91,6,888Guest,02:8d:db:6e:71:ad,-92,6
2017-10-27 16:43:17,model=ONEPLUS A3003,32.16666901,34.80922217,27,,02:1d:aa:7c:bb:64,-89,13
2017-10-27 16:43:19,model=ONEPLUS A3003,32.16666491,34.80922272,27,Azrieli_Wifi,00:1d:aa:7e:bb:64,-87,13
2017-10-27 16:43:34,model=ONEPLUS A3003,32.16665337,34.80922581,27,Guest Neetwork MM,94:f6:65:1b:b2:28,-94,5
2017-10-27 16:43:37,model=ONEPLUS A3003,32.16664966,34.80921527,26,Ezbob_Guest,0a:8d:db:65:89:a9,-94,1
2017-10-27 16:43:47,model=ONEPLUS A3003,32.16690218,34.80863087,24,ASUS,d0:17:c2:60:e7:38,-80,3,HOTFiber-2017,08:6a:0a:37:66:66,-82,1,Kadabra-Guest,02:1d:aa:7c:8c:f8,-95,11
2017-10-27 16:43:49,model=ONEPLUS A3003,32.16699555,34.80840565,24,CMT-ALap,94:10:3e:a8:34:a0,-81,36,BENY PUR,d8:fe:e3:03:c7:b1,-76,6,DIRECT-EA-HP OfficeJet Pro 6960,30:e1:71:c5:17:eb,-84,6,BlueSnap-Guest-2.4GHz,00:02:6f:bb:fd:ac,-89,1,gigi1932,8c:59:c3:a2:9d:69,-89,11,Efrat Networks MM,94:f6:65:5b:b2:28,-89,5,,fa:8f:ca:93:a5:64,-73,6,HP-Print-b7-LaserJet 300,34:23:87:36:c9:b7,-91,1,HP-Print-A0-LaserJet Pro MFP,30:f7:72:6e:8e:a0,-91,6,bacapital,6c:b0:ce:ab:5a:a1,-87,1
2017-10-27 16:43:52,model=ONEPLUS A3003,32.16712538,34.80810636,24,Guest Neetwork MM,94:f6:65:1b:b2:28,-91,5,Ezbob_Guest,0a:8d:db:65:89:a9,-94,1,Kadabra-AP,00:1d:aa:7c:8c:f8,-91,11
2017-10-27 16:43:57,model=ONEPLUS A3003,32.16737893,34.80800803,24,Bond-MidFloor,30:b5:c2:25:dc:ae,-91,4
2017-10-27 16:44:01,model=ONEPLUS A3003,32.16769966,34.80821465,23,RS_GUEST,ec:08:6b:38:0d:0e,-91,12,Partner,42501_13111_496642,-113,0
2017-10-27 16:44:03,model=ONEPLUS A3003,32.16789734,34.8082695,24,HOTFiber-2017,18:1e:78:86:00:63,-81,1,EL5,14:ae:db:3d:b1:55,-92,48,INGENEO,cc:b2:55:e8:4c:e6,-90,6,0506679780,5a:fe:e3:03:c7:b3,-89,6
2017-10-27 16:44:04,model=ONEPLUS A3003,32.16798621,34.80829078,24,ASUS,d0:17:c2:60:e7:38,-80,3,HOTFiber-2017,08:6a:0a:37:66:66,-82,1,Kadabra-Guest,02:1d:aa:7c:8c:f8,-95,11,Bond-MidFloor,30:b5:c2:25:dc:ae,-84,4,frenkel,48:ee:0c:3f:38:55,-90,4,HP-Print-B4-Officejet Pro 8610,a0:d3:c1:dc:79:b4,-91,2,Candan,c0:ff:d4:7b:82:30,-90,1
2017-10-27 16:44:05,model=ONEPLUS A3003,32.16806283,34.80830951,26,BENY PUR,d8:fe:e3:03:c7:b1,-83,6,gigi1932,8c:59:c3:a2:9d:69,-89,11,,fa:8f:ca:93:a5:64,-85,6
2017-10-27 16:44:07,model=ONEPLUS A3003,32.16813242,34.8083581,26,avner,38:ff:36:27:5b:b8,-89,11,,a6:3d:cf:fb:0c:b8,-92,8,franko,10:be:f5:3c:2d:52,-88,1,iFOREX,f8:d1:11:b1:92:93,-88,13,cohen,cc:b2:55:68:0b:2a,-90,6
2017-10-27 16:44:08,model=ONEPLUS A3003,32.16813788,34.80838993,26,Rabia,30:b5:c2:bd:52:40,-85,6,Home.,a0:ab:1b:62:a7:bc,-89,1
2017-10-27 16:44:17,model=ONEPLUS A3003,32.16798421,34.80916947,26,Candan,c0:ff:d4:7b:82:30,-85,1,INGENEO,cc:b2:55:e8:4c:e6,-82,6,EL,14:ae:db:3d:b1:52,-82,9,TP-LINK_B573C0,30:b5:c2:b5:73:c0,-88,4
2017-10-27 16:44:18,model=ONEPLUS A3003,32.16796452,34.80927518,25,0506679780,5a:fe:e3:03:c7:b3,-89,6,Partner,42501_13111_496642,-113,0
2017-10-27 16:44:19,model=ONEPLUS A3003,32.16794452,34.8093861,26,avner,38:ff:36:27:5b:b8,-89,11,,a6:3d:cf:fb:0c:b8,-92,8,,fa:8f:ca:93:a5:64,-85,6,iFOREX,f8:d1:11:b1:92:93,-88,13,cohen,cc:b2:55:68:0b:2a,-90,6,Coffee.LAN,90:6c:ac:21:35:8b,-87,11,BENY PUR,d8:fe:e3:03:c7:b1,-83,6,Bond-MidFloor,30:b5:c2:25:dc:ae,-84,4,Erez Man,e4:8d:8c:7f:3d:0d,-84,1,frenkel,48:ee:0c:3f:38:55,-89,4
2017-10-27 16:44:27,model=ONEPLUS A3003,32.16781071,34.80992088,28,888Corp,8e:15:54:a9:32:e6,-83,40,ensilo_guest,00:30:4f:82:a4:49,-84,11,Efrat Networks MM,94:f6:65:5b:b2:28,-87,5,Guest Neetwork MM,94:f6:65:1b:b2:28,-88,5,ensilo_2.4GH_1,00:30:4f:82:a4:48,-89,11,Shaul1,fc:b4:e6:1e:0a:78,-90,11,888Free,82:15:54:a9:32:e6,-82,40
2017-10-27 16:44:28,model=ONEPLUS A3003,32.16779976,34.80993062,28,888Corp,0a:8d:db:6e:71:6d,-88,1
2017-10-27 16:44:34,model=ONEPLUS A3003,32.16768159,34.80992134,27,888Corp,0a:8d:db:6e:71:6d,-76,1,island-074FA0,50:a7:33:47:4f:a3,-81,6,888Corp,0a:8d:db:6e:71:c1,-93,11,888Guest,02:8d:db:6e:71:c1,-93,11
2017-10-27 16:32:24,model=Lenovo PB2-690Y,32.16769143,34.80988609,30,888Corp,0a:8d:db:6e:71:26,-92,6,888Guest,02:8d:db:6e:71:26,-93,6,888Free,06:8d:db:6e:71:26,-96,6
2017-10-27 16:35:09,model=Lenovo PB2-690Y,32.16767918,34.8099261,32,ensilo_guest,00:30:4f:82:a4:49,-83,11
2017-10-27 16:35:31,model=Lenovo PB2-690Y,32.16767714,34.80987434,38,888Corp,8e:15:44:a9:32:e6,-92,11
2017-10-27 16:35:40,model=Lenovo PB2-690Y,32.16749575,34.8096228,38,lavel-2,74:da:39:b9:a7:bd,-89,2
2017-10-27 16:35:43,model=Lenovo PB2-690Y,32.16737112,34.80947136,37,Ezbob_WiFi,00:02:6f:12:34:56,-83,11,lavel-2_2,74:da:38:b9:a7:bc,-90,2
2017-10-27 16:35:49,model=Lenovo PB2-690Y,32.16706717,34.80912469,29,brieftrace5,90:8d:78:51:52:fb,-79,48,Maxillent,90:6c:ac:60:6c:8b,-91,3,BlueSnap-Guest-2.4GHz,00:02:6f:bb:fd:ac,-93,1,Pitarohecht,00:02:6f:a6:f1:f3,-86,1
2017-10-27 16:35:52,model=Lenovo PB2-690Y,32.16697095,34.80899281,29,BlueSnap-Guest-2.4GHz,00:02:6f:bb:fd:ac,-83,1,bacapital,6c:b0:ce:ab:5a:a1,-90,1
2017-10-27 16:35:55,model=Lenovo PB2-690Y,32.16690996,34.80892623,31,Bezeq2.4,14:ae:db:b3:7b:65,-90,6
2017-10-27 16:35:58,model=Lenovo PB2-690Y,32.16690033,34.80890703,28,HP-Print-A0-LaserJet Pro MFP,30:f7:72:6e:8e:a0,-78,6,ASUS,d0:17:c2:60:e7:38,-84,3,Crestron_23,10:fe:ed:62:9e:1a,-86,4,AEH-W4A1-b0411d255ce3,b0:41:1d:25:5c:e3,-87,7,PitaroHecht,00:02:6f:bf:86:cc,-89,1
2017-10-27 16:36:03,model=Lenovo PB2-690Y,32.16686101,34.80886888,25,Kadabra-AP,00:1d:aa:7c:8c:f8,-79,11,Kadabra-Guest,02:1d:aa:7c:8c:f8,-79,11,Hacker,cc:b2:55:e7:bf:ba,-95,6,LeonAP,80:1f:02:36:10:68,-85,11,Efrat Networks MM,94:f6:65:5b:b2:28,-89,5,BlueSnap-Guest-2.4GHz,c0:56:27:a0:6c:9a,-91,3,Guest Neetwork MM,94:f6:65:1b:b2:28,-91,5,HOTBOX-D124,6c:2e:85:fe:9f:bc,-91,1
2017-10-27 16:36:08,model=Lenovo PB2-690Y,32.16689742,34.80859096,25,INGENEO,cc:b2:55:e8:4c:e6,-88,6,Efrat Networks NC,00:1d:aa:34:1e:58,-81,11,HOTFiber-2017,08:6a:0a:37:66:66,-91,1,,fa:8f:ca:93:a5:64,-87,6
2017-10-27 16:36:11,model=Lenovo PB2-690Y,32.16698668,34.80831306,26,BENY PUR,d8:fe:e3:03:c7:b1,-80,6,HOTFiber-2017,18:1e:78:86:00:63,-89,1
2017-10-27 16:36:14,model=Lenovo PB2-690Y,32.16710359,34.80798987,28,BlueSnap-Guest-2.4GHz,00:02:6f:bb:fd:ac,-81,1,0506679780,5a:fe:e3:03:c7:b3,-81,6,Candan,c0:ff:d4:7b:82:30,-93,1
2017-10-27 16:36:17,model=Lenovo PB2-690Y,32.16722868,34.80761207,30,BlueSnap-Guest-2.4GHz,c0:56:27:a0:6c:9a,-88,3,Guest Neetwork MM,94:f6:65:1b:b2:28,-89,5,ASUS,d0:17:c2:60:e7:38,-91,3,Home.,a0:ab:1b:62:a7:bc,-83,1,Rabia,30:b5:c2:bd:52:40,-86,6,sm,14:ae:db:c2:74:65,-90,6,NIZZA333_2EX,74:da:38:0e:db:1c,-93,11
2017-10-27 16:36:20,model=Lenovo PB2-690Y,32.16737009,34.80723953,30,Rabia,30:b5:c2:bd:52:40,-74,6,DIRECT-DA-HP DeskJet 4670 series,c8:d3:ff:79:a3:db,-90,9,Heifes,20:0c:c8:10:c8:11,-91,1,aron,04:a1:51:e2:7d:fe,-89,11,Bezeq Free,52:a1:51:e2:7d:ff,-90,11,Bezeq Free D02536,72:0c:c8:10:c8:12,-93,1
2017-10-27 16:36:23,model=Lenovo PB2-690Y,32.16751498,34.80683618,32,Candan,c0:ff:d4:7b:82:30,-90,1,Heifes,20:0c:c8:10:c8:11,-84,1,Bezeq Free D02536,72:0c:c8:10:c8:12,-80,1,Ester_wifi,84:26:15:eb:2d:b3,-86,11,Casa1,f4:6b:ef:e2:2c:1f,-88,11,Efrat Networks MM,94:f6:65:5b:b2:28,-92,5
2017-10-27 16:36:26,model=Lenovo PB2-690Y,32.1676062,34.80648761,35,Guest Neetwork MM,94:f6:65:1b:b2:28,-91,5,Home.,a0:ab:1b:62:a7:bc,-96,1,bendet1,80:1f:02:d7:6b:c8,-91,6
2017-10-27 16:36:29,model=Lenovo PB2-690Y,32.16771044,34.80621624,37,Rabia,30:b5:c2:bd:52:40,-90,6,wifi in car-1794,08:97:58:33:b7:cc,-75,1,EMELET,f4:f2:6d:ca:5d:06,-93,8
2017-10-27 16:36:32,model=Lenovo PB2-690Y,32.16779375,34.80608261,37,shor_Ext,e2:91:f5:b6:ec:a8,-91,11,ApartmentD,c0:ff:d4:d1:e4:20,-93,6
2017-10-27 16:36:37,model=Lenovo PB2-690Y,32.16789236,34.80594706,40,Annatel_3372,74:da:38:a9:0c:3e,-85,2
2017-10-27 16:36:40,model=Lenovo PB2-690Y,32.16787943,34.80577971,41,Heifes,20:0c:c8:10:c8:11,-88,1,Bezeq Free D02536,72:0c:c8:10:c8:12,-91,1,Hazan_Home,18:d6:c7:ef:1e:a4,-89,11
2017-10-27 16:36:43,model=Lenovo PB2-690Y,32.16773211,34.80577425,40,INGENEO,cc:b2:55:e8:4c:e6,-91,6
2017-10-27 16:36:49,model=Lenovo PB2-690Y,32.16760779,34.80626857,40,HP-Print-86-Officejet Pro 8600,88:51:fb:20:6b:86,-91,11
2017-10-27 16:36:55,model=Lenovo PB2-690Y,32.16745405,34.8067466,38,Bezeq-NGN_E60863,cc:b2:55:e6:08:64,-93,6,Bezeq Free,cc:b2:55:e6:08:67,-95,6,Bezeq Free D02536,72:0c:c8:10:c8:12,-84,1
2017-10-27 16:36:58,model=Lenovo PB2-690Y,32.16738263,34.80704301,36,Heifes,20:0c:c8:10:c8:11,-90,1
2017-10-27 16:37:01,model=Lenovo PB2-690Y,32.16732484,34.8073338,31,HP-Print-86-Officejet Pro 8600,88:51:fb:20:6b:86,-92,11,Rabia,30:b5:c2:bd:52:40,-90,6,Vexlerar_2EX,74:da:38:cc:d8:80,-93,9
2017-10-27 16:37:04,model=Lenovo PB2-690Y,32.1672203,34.80757898,30,Home.,a0:ab:1b:62:a7:bc,-90,1
2017-10-27 16:37:07,model=Lenovo PB2-690Y,32.16710326,34.80786315,26,Casa1,f4:6b:ef:e2:2c:1f,-90,11,Bezeq Free D02536,72:0c:c8:10:c8:12,-92,1,Ester_wifi,84:26:15:eb:2d:b3,-93,11,EL5,14:ae:db:3d:b1:55,-88,48,INGENEO,cc:b2:55:e8:4c:e6,-87,6
2017-10-27 16:37:10,model=Lenovo PB2-690Y,32.16701367,34.80810925,22,Heifes,20:0c:c8:10:c8:11,-91,1,edimax_repeater,74:da:38:50:ce:4c,-94,2,BENY PUR,d8:fe:e3:03:c7:b1,-74,6,DIRECT-EA-HP OfficeJet Pro 6960,30:e1:71:c5:17:eb,-84,6,0506679780,5a:fe:e3:03:c7:b3,-73,6
2017-10-27 16:37:13,model=Lenovo PB2-690Y,32.16692966,34.80836155,15,Rabia,30:b5:c2:bd:52:40,-89,6,Vexlerar_2EX,74:da:38:cc:d8:80,-92,9,levi_1,f8:e9:03:0e:a1:5d,-88,11,071889240,f8:e9:03:14:72:44,-90,1,,fa:8f:ca:93:a5:64,-82,6,Pantum-AP-1C0F59,44:33:4c:1c:0f:59,-89,11
2017-10-27 16:37:16,model=Lenovo PB2-690Y,32.166863,34.80849455,17,INGENEO,cc:b2:55:e8:4c:e6,-82,6,EL,14:ae:db:3d:b1:52,-82,9,Guest Neetwork MM,94:f6:65:1b:b2:28,-90,5,Efrat Networks MM,94:f6:65:5b:b2:28,-94,5,HP-Print-82-LaserJet 200 color,68:94:23:24:b1:82,-92,6
2017-10-27 16:37:19,model=Lenovo PB2-690Y,32.16680671,34.80857819,17,wifi in car-1794,08:97:58:33:b7:cc,-82,1,kaymeraQA,00:f6:63:3a:f4:80,-84,1,gigi1932,8c:59:c3:a2:9d:69,-89,11,KaymeraGuest,00:f6:63:3a:f4:82,-80,1,HP-Print-a2-LaserJet 400 color,e4:d5:3d:7d:d6:a2,-91,6
2017-10-27 16:37:22,model=Lenovo PB2-690Y,32.16679377,34.8086177,16,Home.,a0:ab:1b:62:a7:bc,-87,1,BlueSnap-Guest-2.4GHz,c0:56:27:a0:6c:9a,-90,3,Efrat Networks MM,94:f6:65:5b:b2:28,-89,5,ASUS,d0:17:c2:60:e7:38,-79,3,KaymeraDev,00:f6:63:3a:f4:81,-82,1,TP-LINK_6CF1,30:b5:c2:6d:c9:e0,-93,11
2017-10-27 16:37:29,model=Lenovo PB2-690Y,32.16671281,34.80872443,22,kaymeraQA,cc:16:7e:97:1d:90,-93,1,,fa:8f:ca:91:09:b4,-90,11
2017-10-27 16:37:32,model=Lenovo PB2-690Y,32.16652877,34.80876004,24,RTI 15,10:fe:ed:62:9e:5c,-93,5,Partner-4G-C845,50:68:0a:66:c8:45,-85,8,888Free,06:8d:db:6e:71:ab,-92,1
2017-10-27 16:37:35,model=Lenovo PB2-690Y,32.16627842,34.80860037,25,4GT,82:4c:a5:1a:71:67,-91,1
2017-10-27 16:37:38,model=Lenovo PB2-690Y,32.16602039,34.8084001,24,BlueSnap-Guest-2.4GHz,00:02:6f:bb:fd:ac,-85,1,Pitarohecht,00:02:6f:a6:f1:f3,-92,1,4GT,82:4c:a5:1a:71:67,-80,1,4G,94:10:3e:a8:34:9a,-66,11,ID,92:4c:a5:1a:71:67,-78,1,CMT-Guests,70:4c:a5:1a:71:67,-79,1,Retention,a2:4c:a5:1a:71:67,-79,1
2017-10-27 16:37:41,model=Lenovo PB2-690Y,32.16577658,34.80816783,24,Efrat Networks NC,00:1d:aa:34:1e:58,-78,11,HP-Print-A0-LaserJet Pro MFP,30:f7:72:6e:8e:a0,-90,6,Efrat Networks MM,94:f6:65:5b:b2:28,-85,5,Hacker,cc:b2:55:e7:bf:ba,-93,6,Bezeq2.4,14:ae:db:b3:7b:65,-90,6,ASUS,d0:17:c2:60:e7:38,-85,3,tzunami2,4c:e6:76:22:44:af,-93,4,KaymeraDev,00:f6:63:3a:f4:81,-90,1,Guest Neetwork MM,94:f6:65:1b:b2:28,-86,5,BlueSnap-Guest-2.4GHz,c0:56:27:a0:6c:9a,-91,3
2017-10-27 16:37:44,model=Lenovo PB2-690Y,32.16554915,34.80794021,23,kaymeraQA,cc:16:7e:97:1d:90,-93,1,,fa:8f:ca:91:09:b4,-90,11,Ganel,14:ae:db:43:44:ad,-92,11,MVGuest,4e:d9:e7:59:4a:f2,-93,1,HWL,08:5b:0e:5f:b0:78,-93,11,SETUP,ee:39:c3:92:e3:6d,-94,11
2017-10-27 16:37:47,model=Lenovo PB2-690Y,32.16530821,34.80769442,22,RTI 15,10:fe:ed:62:9e:5c,-93,5,Partner-4G-C845,50:68:0a:66:c8:45,-86,8,888Free,06:8d:db:6e:71:ab,-92,1,Ganel,14:ae:db:43:44:ad,-87,11,AppsFlyer Guest,82:15:54:a8:8d:ef,-88,36,AppsFlyer R&D,8e:15:54:a8:8d:ef,-90,36,Cloudius,de:9f:db:7f:73:aa,-86,1,rainbow,ee:9f:db:7f:73:aa,-90,1,sunmotors,14:ae:db:3a:6d:95,-92,6,Off-Oz,00:25:86:b0:42:ae,-93,6
2017-10-27 16:37:50,model=Lenovo PB2-690Y,32.16504704,34.80746023,19,GINI-APPS,f0:3e:90:0f:4c:b8,-84,1,F-Z,04:a1:51:13:13:37,-85,11,BezeqFree,14:af:db:bd:de:12,-92,6,COMET,80:1f:02:38:6a:b0,-90,11,Gil?s iMac,28:f0:76:3d:81:f8,-94,8,HP-Print-82-LaserJet 200 color,68:94:23:24:b1:82,-91,6
2017-10-27 16:37:53,model=Lenovo PB2-690Y,32.16476567,34.80721216,19,kaymeraQA,00:f6:63:3a:f4:80,-90,1,4G,94:10:3e:a8:34:9a,-74,11,tzunami2,4c:e6:76:22:44:af,-92,4,DIRECT-A5-HP OfficeJet Pro 7720,3e:52:82:88:eb:a5,-88,3,VAP1,02:10:f3:64:7e:5d,-88,6,Tamar-Office,90:6c:ac:8f:fd:82,-90,1,tzubnt,00:27:22:4e:28:c8,-90,8,Coralgrp,ac:a3:1e:c9:5a:c0,-90,11,RTO,e0:b9:a5:10:95:6b,-90,7,GAL-ALMAGOR,14:ae:db:bd:de:12,-92,6
2017-10-27 16:37:56,model=Lenovo PB2-690Y,32.16446369,34.80699683,20,MVGuest,4e:d9:e7:59:4a:f2,-93,1,HWL,08:5b:0e:5f:b0:78,-93,11,SETUP,ee:39:c3:92:e3:6d,-94,11,Coralgrp,94:b4:0f:37:26:90,-88,52,RTI 15,10:fe:ed:62:9e:5c,-86,5,Glilot1,70:4c:a5:13:f2:f5,-89,9,,88:15:44:a8:8d:ef,-90,1
2017-10-27 16:37:59,model=Lenovo PB2-690Y,32.16413733,34.80680696,20,AppsFlyer Guest,82:15:54:a8:8d:ef,-88,36,AppsFlyer R&D,8e:15:54:a8:8d:ef,-90,36,Ganel,14:ae:db:43:44:ad,-87,11,Gil?s iMac,28:f0:76:3d:81:f8,-87,8,Off-Oz,00:25:86:b0:42:ae,-93,6,BB?s iMac,c8:bc:c8:b7:c2:e1,-89,8,Coralgrp,94:b4:0f:37:26:80,-84,7,Cloudius,de:9f:db:7f:73:aa,-86,1,rainbow,ee:9f:db:7f:73:aa,-86,1,sunmotors,14:ae:db:3a:6d:95,-92,6
2017-10-27 16:38:02,model=Lenovo PB2-690Y,32.16381918,34.80663229,23,GINI-APPS,f0:3e:90:0f:4c:b8,-87,1,F-Z,04:a1:51:13:13:37,-85,11,BezeqFree,14:af:db:bd:de:12,-92,6,COMET,80:1f:02:38:6a:b0,-90,11,HP-Print-82-LaserJet 200 color,68:94:23:24:b1:82,-91,6,BezeqNGN_XA28CE_5GHz_1,6c:b0:ce:38:48:80,-87,60
2017-10-27 16:38:05,model=Lenovo PB2-690Y,32.16353865,34.8064643,25,VAP1,02:10:f3:64:7e:5d,-88,6,Tamar-Office,90:6c:ac:8f:fd:82,-90,1,tzubnt,00:27:22:4e:28:c8,-90,8,Coralgrp,ac:a3:1e:c9:5a:c0,-90,11,RTO,e0:b9:a5:10:95:6b,-90,7,GAL-ALMAGOR,14:ae:db:bd:de:12,-92,6,murraydiane,c4:12:f5:83:aa:0c,-91,11
2017-10-27 16:38:08,model=Lenovo PB2-690Y,32.16331079,34.80633803,28,Coralgrp,94:b4:0f:37:26:90,-89,52,RTI 15,10:fe:ed:62:9e:5c,-86,5,Glilot1,70:4c:a5:13:f2:f5,-89,9,,88:15:44:a8:8d:ef,-90,1,drupe 2.4G,ec:08:6b:27:b0:2f,-81,4,S&W,82:2a:a8:b5:b7:1a,-89,11,JWN,6c:b0:ce:33:a2:d0,-90,11,eliya23,00:1d:aa:7c:08:5c,-91,11,HP-Print-2a-LaserJet 400 MFP,ac:d1:b8:ac:e8:2a,-89,6,BezeqNGN_XA28CE_2.4GHz_1,6c:b0:ce:38:48:7f,-91,6
2017-10-27 16:38:11,model=Lenovo PB2-690Y,32.16317414,34.80627205,31,Carmel MR,10:be:f5:3a:ec:76,-92,9,JONEY_2.4,6c:b0:ce:3a:83:4e,-88,1,ran,14:ae:db:32:cf:62,-93,10,Partner-4G-7C3F,9c:b2:b2:32:7c:3f,-95,1,,88:dc:96:17:c1:5c,-86,6,DELEK-GUEST,c0:25:5c:df:62:e1,-91,5
2017-10-27 16:38:14,model=Lenovo PB2-690Y,32.1631619,34.80625893,34,ZeroOne 2.4GHz,14:ae:db:3e:de:ea,-86,2,drupe_kitchen,14:ae:db:38:cc:ad,-93,11
2017-10-27 16:38:22,model=Lenovo PB2-690Y,32.1631764,34.8062382,36,DELEK-GUEST,c0:25:5c:df:62:e1,-80,5,drupe 5G,ec:08:6b:27:b0:2e,-89,36,DELEK-GROUP,c0:25:5c:df:62:e0,-81,5
2017-10-27 16:38:25,model=Lenovo PB2-690Y,32.16317736,34.80623126,31,Partner-4G-7C3F,9c:b2:b2:32:7c:3f,-87,1,EIS70,04:bd:88:e3:6f:e1,-88,1
2017-10-27 16:38:28,model=Lenovo PB2-690Y,32.16319135,34.80624872,33,murraydiane,c4:12:f5:83:aa:0c,-85,11,,88:dc:96:17:c0:9e,-88,6
2017-10-27 16:38:34,model=Lenovo PB2-690Y,32.16320674,34.80625275,29,Wallashops-Office,00:c8:8b:28:28:20,-92,1
2017-10-27 16:38:43,model=Lenovo PB2-690Y,32.16319294,34.80626005,30,DIRECT-37-HP OfficeJet Pro 8720,a0:8c:fd:5b:1c:38,-93,8,TNCAPE5A34D,30:91:8f:51:3b:fe,-91,11
2017-10-27 16:38:46,model=Lenovo PB2-690Y,32.16318171,34.80625562,29,INVESUS,06:18:d6:a9:2d:cf,-93,1
2017-10-27 16:38:49,model=Lenovo PB2-690Y,32.16317781,34.8062566,28,drupe 2.4G,ec:08:6b:27:b0:2f,-74,4
2017-10-27 16:38:52,model=Lenovo PB2-690Y,32.1631839,34.80625095,26,ZeroOne 2.4GHz,14:ae:db:3e:de:ea,-80,2
2017-10-27 16:39:08,model=Lenovo PB2-690Y,32.1632265,34.80624928,24,HP-Print-B1-Officejet Pro 8610,fc:15:b4:a7:ce:b1,-92,4
2017-10-27 16:39:11,model=Lenovo PB2-690Y,32.16319996,34.80624705,23,welovecoffee_,14:ae:db:ca:c2:22,-90,10,Sodyo,14:ae:db:30:59:ca,-91,8,BezeqFree,14:af:db:30:59:ca,-92,8,DELEK-GROUP,34:db:fd:0a:6c:00,-96,9
2017-10-27 16:39:14,model=Lenovo PB2-690Y,32.16304192,34.80624314,22,EIS LAB,04:bd:88:e3:6f:e0,-87,1,Biopharmax Guest,18:e7:28:50:04:48,-90,1,BezeqNGN_XA28CE_2.4GHz_1,6c:b0:ce:38:48:7f,-84,6
2017-10-27 16:39:17,model=Lenovo PB2-690Y,32.16293782,34.80645872,23,Paragon-Wifi,00:1d:aa:0f:51:38,-87,11,DIRECT-F7-HP DeskJet 4670 series,b0:5a:da:fa:39:f8,-87,1,marvin,04:a1:51:11:0e:ee,-90,11,DIRECT-C6-HP DeskJet 3830 series,dc:4a:3e:cf:77:77,-91,6,,10:0d:7f:8a:88:44,-93,6
2017-10-27 16:39:21,model=Lenovo PB2-690Y,32.16277074,34.80687835,21,eliya23,00:1d:aa:7c:08:5c,-82,11,drupe 5G,ec:08:6b:27:b0:2e,-80,36,DIRECT-37-HP OfficeJet Pro 8720,a0:8c:fd:5b:1c:38,-85,8,HP-Print-B1-Officejet Pro 8610,fc:15:b4:a7:ce:b1,-86,4,welovecoffee_,14:ae:db:ca:c2:22,-85,10,Partner-4G-7C3F,9c:b2:b2:32:7c:3f,-82,1,ZeroOne 5.0GHz,14:ae:db:3e:de:ed,-89,48,vecorp,64:f6:9d:6a:bb:e0,-90,9,veguest,64:f6:9d:6a:bb:e1,-88,9
2017-10-27 16:39:23,model=Lenovo PB2-690Y,32.16269253,34.80708038,22,drupe_kitchen,14:ae:db:38:cc:ad,-86,11,JONEY_2.4,6c:b0:ce:3a:83:4e,-81,1,GUEST,00:0c:e6:02:d1:6e,-81,6,Print,00:0c:e6:02:b4:d8,-82,6,Natam_sharon,e4:6f:13:6f:c8:8a,-92,9,Ran,00:10:f3:69:eb:b7,-88,11,MVP_Guest,02:1d:aa:da:4b:50,-90,6,DIRECT-7iM2020 Series,32:cd:a7:1e:df:40,-85,11,HP-Print-A7-Officejet Pro 6830,dc:4a:3e:39:49:a7,-90,6,TNCAPF791CB,c4:ea:1d:f7:91:cb,-89,11
2017-10-27 16:39:27,model=Lenovo PB2-690Y,32.16256983,34.80733271,20,murraydiane,c4:12:f5:83:aa:0c,-94,11,Carmel MR,10:be:f5:3a:ec:76,-92,9,DELEK-GROUP,34:db:fd:0a:6c:00,-96,9,Sodyo,14:ae:db:30:59:ca,-91,8,VITEC-IL,80:26:89:0d:5a:2c,-82,9,BezeqFree,14:af:db:30:59:ca,-92,8,PEI.WIFI,78:d3:8d:d1:26:80,-84,7,Bezeq_7301b6,00:22:b0:73:01:b9,-87,6,drupe 2.4G,ec:08:6b:27:b0:2f,-82,4,Yona,10:be:f5:3e:4d:da,-93,2
2017-10-27 16:39:29,model=Lenovo PB2-690Y,32.1625067,34.80746568,21,Natam_sharon,e4:6f:13:6f:c8:8a,-85,9,atid_5,c4:04:15:4e:19:87,-84,60,Paragon-Wifi,00:1d:aa:0f:51:38,-87,11,lapidot_5GHz_1,3c:1e:04:07:95:7c,-91,48,marvin,04:a1:51:11:0e:ee,-90,11,,10:0d:7f:8a:88:44,-93,6,HP-Print-2a-LaserJet 400 MFP,ac:d1:b8:ac:e8:2a,-87,6,TP-LINK_AP_AF8C,98:de:d0:d0:af:8c,-88,6,HP-Setup>4a-M277 LaserJet,fa:da:0c:7e:1b:4a,-92,6,RTI 15,10:fe:ed:62:9e:5c,-83,5
2017-10-27 16:39:32,model=Lenovo PB2-690Y,32.16242017,34.80771262,20,HP-Print-f8-LaserJet 300,0c:84:dc:b9:58:f8,-84,4,ADX HOT,7c:b7:33:2c:95:41,-84,11,interwifi,58:6d:8f:dc:f5:9f,-86,6,Adxperience3_2.4,6c:b0:ce:ac:ee:01,-87,1,Asraf,00:1d:aa:83:d3:8c,-88,6,Piohot,c0:ac:54:f6:59:0d,-89,6,DIRECT-a1-HP M477 LaserJet,96:53:30:2e:18:a1,-90,6,TNCAPE5A34D,9c:97:26:7d:d5:22,-84,1
2017-10-27 16:39:35,model=Lenovo PB2-690Y,32.16229652,34.80799151,19,HP-Print-B1-Officejet Pro 8610,fc:15:b4:a7:ce:b1,-86,4,HP-Print-f8-LaserJet 300,0c:84:dc:b9:58:f8,-79,4,ADX HOT,7c:b7:33:2c:95:41,-77,11,ADX_HOT_EX2.4G,f8:e9:03:0f:24:49,-77,11,DIRECT-OPWorkCentre 3025,9e:93:4e:3f:e8:41,-81,11,KingGeorge,10:be:f5:41:b9:84,-90,9,AdXP,48:f8:b3:cc:fc:1e,-83,4,DBSI,1c:b9:c4:4f:15:d8,-87,9,BezeqFree,06:ae:db:36:86:05,-88,11,,88:dc:96:17:c1:5c,-80,6
2017-10-27 16:39:38,model=Lenovo PB2-690Y,32.16218382,34.80827487,19,drupe_kitchen,14:ae:db:38:cc:ad,-86,11,Ran,00:10:f3:69:eb:b7,-88,11,TNCAPF791CB,c4:ea:1d:f7:91:cb,-89,11,,94:b4:0f:d1:60:04,-81,11,,94:b4:0f:d1:60:03,-83,11,MGC,84:d4:7e:ef:03:a0,-84,11,Print,00:0c:e6:02:b4:d8,-81,6,EMS-Guest,08:5b:0e:f4:76:85,-85,11,KingGeorge,10:be:f5:41:b9:84,-83,9,,94:b4:0f:d1:60:01,-86,11
2017-10-27 16:39:41,model=Lenovo PB2-690Y,32.16203317,34.80861643,17,atid_5,c4:04:15:4e:19:87,-84,60,lapidot_5GHz_1,3c:1e:04:07:95:7c,-91,48,Carmel MR,10:be:f5:3a:ec:76,-90,9,Bello1,80:1f:02:51:34:d2,-83,6,GD,f0:9f:c2:f2:c8:5f,-86,36,Zerto Guests,1a:5b:0e:66:b4:43,-82,6,Zerto,08:5b:0e:66:b4:43,-83,6,Zerto,08:5b:0e:e8:56:cd,-85,11,Natam_sharon,e4:6f:13:6f:c8:8a,-84,9,Zerto Guests,1a:5b:0e:e8:56:cd,-85,11
2017-10-27 16:39:44,model=Lenovo PB2-690Y,32.1618688,34.80894547,15,,94:b4:0f:d1:60:12,-75,48,,94:b4:0f:d1:60:14,-75,48,,94:b4:0f:d1:60:13,-75,48,,94:b4:0f:d1:60:11,-75,48,,94:f6:65:af:df:0c,-87,36,VF3,a0:4f:d4:3d:cc:f1,-87,10,interwifi,58:6d:8f:dc:f5:9f,-86,6,Life,94:b4:0f:d1:60:10,-75,48,,94:f6:65:2f:df:0c,-86,36,HAPOALIM,94:f6:65:6f:df:0c,-87,36
2017-10-27 16:39:48,model=Lenovo PB2-690Y,32.16173813,34.80919485,16,ADX HOT,7c:b7:33:2c:95:41,-77,11,ADX_HOT_EX2.4G,f8:e9:03:0f:24:49,-77,11,BezeqFree,06:ae:db:36:86:05,-88,11,,88:dc:96:17:c0:9e,-63,6,AdXP,48:f8:b3:cc:fc:1e,-87,4,Partner-4G-8AB4,b0:89:00:d8:8a:b4,-83,9,,88:dc:96:17:c1:5c,-69,6,Bezeq-N_223921,c4:12:f5:f6:70:b6,-84,11,DBSI,1c:b9:c4:4f:15:d8,-87,9,as-om,a0:ab:1b:5f:51:48,-85,3
2017-10-27 16:39:50,model=Lenovo PB2-690Y,32.16171469,34.80922516,14,Taykey - Guest,e0:10:7f:49:37:fc,-84,52,Taykey - Office,e0:10:7f:09:37:fc,-84,52,wifi in car-0571,08:97:58:32:b1:9c,-75,2,elastifile,46:d9:e7:d7:c6:14,-82,1
2017-10-27 16:39:53,model=Lenovo PB2-690Y,32.16171852,34.80922745,14,,88:dc:96:17:c1:5c,-60,6,,94:b4:0f:d1:60:03,-74,11,,94:b4:0f:d1:60:01,-78,11,EF_Guest,16:18:d6:a9:2a:84,-80,1,Alpha.guest,74:da:38:b6:ed:8d,-77,4,Taykey - Office,e0:10:7f:09:37:f8,-78,4,Garden,30:b5:c2:23:13:8b,-84,6,BigMeeting_2.4G,74:da:38:b6:ed:8c,-85,4,Taykey - Guest,e0:10:7f:49:37:f8,-79,4,Life,94:b4:0f:d1:60:00,-81,11
2017-10-27 16:39:56,model=Lenovo PB2-690Y,32.16172295,34.80923006,13,Partner-4G-8AB4,b0:89:00:d8:8a:b4,-75,9,4G_UFI-E63,3a:12:2d:b9:ce:63,-78,3,Bezeq-N_223921,c4:12:f5:f6:70:b6,-74,11,ESI-New,00:0c:e6:02:1d:6a,-87,36,ESI-Guest,00:0c:e6:02:8f:c9,-87,36,CST-IL-WLAN,80:2a:a8:4a:c9:37,-86,3
2017-10-27 16:39:59,model=Lenovo PB2-690Y,32.1617306,34.80922516,13,Disruptive WiFi Network,34:12:98:04:c4:00,-85,6,Zerto,08:5b:0e:e8:53:eb,-91,1
2017-10-27 16:40:02,model=Lenovo PB2-690Y,32.16172805,34.80923164,13,,88:dc:96:17:c0:9e,-58,6,wifi in car-0965,08:97:58:33:b1:52,-84,2,Triumph,10:0d:7f:86:c9:7c,-84,5
2017-10-27 16:40:05,model=Lenovo PB2-690Y,32.16172765,34.80923161,13,elastifile,06:18:d6:a9:2a:84,-80,1
2017-10-27 16:40:08,model=Lenovo PB2-690Y,32.16172752,34.80923159,13,wifi in car-0965,08:97:58:33:b1:52,-79,2
2017-10-27 16:40:11,model=Lenovo PB2-690Y,32.16172747,34.80923153,13,Zerto Guests,1a:5b:0e:e8:53:eb,-90,1
2017-10-27 16:40:14,model=Lenovo PB2-690Y,32.16172751,34.80923149,13,BigMeeting_2.4G,74:da:38:b6:ed:8c,-80,4,spot32,d2:6c:ac:04:0d:e9,-90,1,,fa:8f:ca:52:c2:cd,-87,11
2017-10-27 16:40:17,model=Lenovo PB2-690Y,32.16172755,34.80923146,13,Fortify,48:a9:d2:97:71:a5,-83,11
2017-10-27 16:40:20,model=Lenovo PB2-690Y,32.16172754,34.80923144,13,Guest_Wifi,a2:6c:ac:04:0d:e9,-88,1,Zero,00:1e:2a:cf:f2:10,-86,11
2017-10-27 16:40:23,model=Lenovo PB2-690Y,32.16172913,34.80922533,8,Xerox,62:13:11:37:ec:83,-82,10
2017-10-27 16:40:25,model=Lenovo PB2-690Y,32.16173457,34.80921711,9,EF_Guest,16:18:d6:a9:2e:98,-83,11
2017-10-27 16:40:28,model=Lenovo PB2-690Y,32.16174046,34.80921967,10,CST-IL-Guest,82:2a:a8:4a:c9:37,-89,3
2017-10-27 16:40:35,model=Lenovo PB2-690Y,32.16174556,34.80919615,10,Disruptive WiFi Network,34:12:98:04:c4:00,-80,6
2017-10-27 16:40:40,model=Lenovo PB2-690Y,32.1617451,34.8091961,11,EF_Guest,56:d9:e7:d7:c6:14,-76,1
2017-10-27 16:40:44,model=Lenovo PB2-690Y,32.16174503,34.809196,11,Triumph,10:0d:7f:86:c9:7c,-78,5
2017-10-27 16:40:50,model=Lenovo PB2-690Y,32.16173619,34.80920475,11,CST-IL-Guest,82:2a:a8:d1:6a:57,-88,11,snatch Wifi,70:56:81:83:53:b1,-89,10,DIRECT-94-HP OfficeJet Pro 8710,c8:d3:ff:85:13:95,-89,6
2017-10-27 16:40:52,model=Lenovo PB2-690Y,32.16170811,34.80929384,16,GDLWIFI,f2:9f:c2:f1:c8:5f,-81,1,KingGeorge,10:be:f5:41:b9:84,-89,9
2017-10-27 16:40:55,model=Lenovo PB2-690Y,32.1618073,34.80947758,23,GD,f0:9f:c2:f1:c8:5f,-89,1
2017-10-27 16:40:57,model=Lenovo PB2-690Y,32.16198048,34.80961771,23,Zerto Guests,1a:5b:0e:e8:56:cd,-86,11,MWTL,ec:8c:a2:49:cc:c8,-91,9,Matrix HZ WiFi,ec:8c:a2:09:cc:c8,-92,9,Ezel dudi2.4,10:5a:f7:0a:2b:c1,-88,11,Office Network,90:a7:c1:0c:4d:14,-85,10,liv,14:cc:20:8e:97:09,-88,10,Carmel MR,10:be:f5:3a:ec:76,-89,9,Roladin,30:46:9a:23:af:c0,-85,6,Liv,00:10:f3:64:7f:a0,-83,1,HP-Print-ca-LaserJet 400 MFP,0c:84:dc:3e:43:ca,-87,1
2017-10-27 16:41:01,model=Lenovo PB2-690Y,32.16233648,34.80985384,24,Office Network,90:a7:c1:0c:4d:1d,-83,36,Ezel dudi2.4,10:5a:f7:0a:2b:c1,-82,11,Ezel dudi_5,10:5a:f7:0a:2b:c2,-88,52,Elis,00:1d:aa:7c:76:80,-84,11,curvet,bc:ae:c5:c3:7f:89,-87,11,Office Network,90:a7:c1:0c:4d:14,-77,10,elinove,00:1e:e5:04:e5:a1,-88,6,MWTL Mobile (POMS),ec:8c:a2:89:cc:f8,-91,3,225_5eb2c0,a0:ab:1b:5e:b2:c4,-90,9,BI WIFI,ec:8c:a2:c9:cc:f8,-93,3
2017-10-27 16:41:04,model=Lenovo PB2-690Y,32.16255321,34.80997916,25,,94:b4:0f:d1:60:12,-86,48,,94:b4:0f:d1:60:14,-88,48,Life,94:b4:0f:d1:60:10,-87,48,DIRECT-8E-HP DeskJet 3830 series,3c:52:82:a2:38:8f,-91,6,MWTL Mobile (POMS),ec:8c:a2:88:f1:98,-87,4,MWTL,ec:8c:a2:48:dd:58,-92,11,MWTL,ec:8c:a2:48:f1:98,-88,4,Bezeq Free,5a:b2:55:68:13:c1,-84,6,BI WIFI,ec:8c:a2:c8:f1:98,-89,4,Bezeq-n_1A01,e8:fc:af:81:1a:01,-89,11
2017-10-27 16:41:06,model=Lenovo PB2-690Y,32.16273318,34.81008069,28,Bezeq-N_223921,c4:12:f5:f6:70:b6,-75,11,,88:dc:96:17:c0:9e,-76,6,Zero,00:1e:2a:cf:f2:10,-89,11,Partner-4G-8AB4,b0:89:00:d8:8a:b4,-82,9,KingGeorge,10:be:f5:41:b9:84,-89,9,,88:dc:96:17:c1:5c,-82,6,AndroidAP,e8:50:8b:a9:ed:cc,-88,6,CST-IL-WLAN,80:2a:a8:4a:c9:37,-84,3,4G_UFI-E63,3a:12:2d:b9:ce:63,-86,3,EF_Guest,16:18:d6:a9:2a:84,-83,1
2017-10-27 16:41:09,model=Lenovo PB2-690Y,32.16301273,34.81024857,31,Zerto Guests,1a:5b:0e:e8:56:cd,-86,11,Matrix HZ WiFi,ec:8c:a2:09:cc:c8,-92,9,Roladin,30:46:9a:23:af:c0,-85,6,liv,14:cc:20:8e:97:09,-88,10,MWTL,ec:8c:a2:49:cc:c8,-91,9,WeDiggIT,64:a5:c3:6a:07:10,-89,11,Triumph,10:0d:7f:86:c9:7c,-80,5,InternetV,c8:b3:73:57:7a:20,-90,6,GD,f0:9f:c2:f1:c8:5f,-89,1,A.M.P_EXT,c4:6e:1f:54:4f:75,-90,1
2017-10-27 16:41:13,model=Lenovo PB2-690Y,32.16337507,34.81046587,36,Office Network,90:a7:c1:0c:4d:1d,-83,36,Ezel dudi2.4,10:5a:f7:0a:2b:c1,-82,11,Ezel dudi_5,10:5a:f7:0a:2b:c2,-88,52,Elis,00:1d:aa:7c:76:80,-84,11,curvet,bc:ae:c5:c3:7f:89,-87,11,WeDiggIT,64:a5:c3:6a:07:10,-81,11,Office Network,90:a7:c1:0c:4d:14,-77,10,HP-Print-C4-Officejet Pro 6830,70:5a:0f:02:dd:c4,-93,6,MWTL Mobile (POMS),ec:8c:a2:89:cc:f8,-91,3,Neopharm Top,16:18:d6:cb:51:6c,-87,1
2017-10-27 16:41:16,model=Lenovo PB2-690Y,32.16364015,34.81062535,33,MWTL,ec:8c:a2:48:dd:58,-92,11,offise2.4,48:ee:0c:3e:ad:41,-90,8,Bezeq-n_1A01,e8:fc:af:81:1a:01,-89,11,WeDiggIT's Lab Wi-Fi 5GHz,64:a5:c3:6a:0b:a2,-82,6,HP-Print-D6-Officejet Pro 8610,fc:15:b4:a7:c3:d6,-83,6,AmGuest1,02:10:f3:63:f7:67,-86,4,Micasah2,74:da:38:c3:45:a5,-77,3,Ronitskin,d8:fb:5e:18:4a:f1,-87,9,BI WIFI,ec:8c:a2:c8:f1:98,-88,4,Aoffice,00:10:f3:63:f7:67,-87,4
2017-10-27 16:41:18,model=Lenovo PB2-690Y,32.16379535,34.81072468,33,,88:dc:96:17:c1:5c,-82,6,Zero,00:1e:2a:cf:f2:10,-87,11,4G_UFI-E63,3a:12:2d:b9:ce:63,-86,3,AndroidAP,e8:50:8b:a9:ed:cc,-88,6,GA-Simba,20:4e:7f:27:b9:f4,-82,11,jct,14:ae:db:38:fa:6d,-92,11,TNCAPE5A34D,30:91:8f:ed:72:f7,-91,11
2017-10-27 16:41:22,model=Lenovo PB2-690Y,32.16408098,34.81091101,35,8084789_5,80:37:73:e6:96:d3,-90,60,InternetV,c8:b3:73:57:7a:20,-88,6,Voicesense_guest,90:6c:ac:aa:61:a2,-88,11,HP-Print-C4-Officejet Pro 6830,70:5a:0f:02:dd:c4,-85,6,Si-o-Net_5,44:94:fc:66:61:46,-89,6,Aoffice,00:10:f3:63:f7:67,-81,4,revi_bakery,6c:19:8f:4b:45:c5,-90,11,Bezeq-N_ebaf41,e8:cc:18:eb:af:42,-94,6,BezeqFree,06:ae:db:b6:59:e5,-82,1,DecorGuest,1c:d6:c7:e1:b7:cc,-94,4
2017-10-27 16:41:24,model=Lenovo PB2-690Y,32.16421989,34.81099135,33,BeeComm,80:1f:02:81:07:ec,-84,11,HOTBOX-260D,7c:b7:33:bf:26:13,-83,3,MIRI,70:62:b8:34:15:46,-84,5,Mitrelli_Guest,2c:c5:d3:50:b1:b8,-89,6,bsh-Home-ADSL,50:57:a8:67:11:29,-89,6
2017-10-27 16:41:28,model=Lenovo PB2-690Y,32.16451351,34.81122293,33,WeDiggIT,64:a5:c3:6a:07:10,-81,11,compvision,f8:e9:03:11:b4:83,-82,1,WeDiggIT's Lab Guest,66:a2:0b:6a:c3:a0,-86,6,Twistlock,56:d9:e7:a5:e3:2e,-88,1,Intendu,5c:83:8f:33:b9:18,-92,1,IntenduCaptive,5c:83:8f:33:b9:19,-94,1,Twistlock Guests,46:d9:e7:a5:e3:2e,-81,1,Si-o-Net_5,44:94:fc:66:61:46,-83,6,yakov,e8:fc:af:9d:79:78,-76,11,Decor-HRZ,18:d6:c7:e1:b7:cc,-91,4
2017-10-27 16:41:31,model=Lenovo PB2-690Y,32.16475405,34.81137867,33,,b4:5d:50:fb:7f:11,-87,36,,b4:5d:50:fb:7f:10,-88,36,podatacall2.4,c4:12:f5:f7:74:f2,-81,9,LIAT,14:ae:db:39:31:d5,-79,11,Techtrends,6c:f0:49:aa:44:a6,-87,6,MIRI_5,70:62:b8:34:15:47,-89,48,,f0:7f:06:68:aa:6d,-89,36,StratoGuests,00:35:1a:d3:50:21,-77,1,SP(2.4),ec:08:6b:38:11:af,-85,10,AmGuest1,02:10:f3:63:f7:67,-82,4
2017-10-27 16:41:34,model=Lenovo PB2-690Y,32.16498918,34.81150309,34,,88:dc:96:17:c1:5c,-86,6,DIRECT-AD-HP OfficeJet Pro 8730,ee:8e:b5:09:8a:ad,-83,8,DIRECT-71-HP OfficeJet 7510,64:51:06:f6:8a:7f,-70,6,AppleWiFiSecure,f0:7f:06:68:aa:6e,-88,36,GA-Simba,20:4e:7f:27:b9:f4,-89,11,,f0:7f:06:68:aa:6c,-89,36,TNCAPE5A34D,30:91:8f:ed:72:f7,-88,11,,c0:ff:d4:7f:6b:6b,-79,11,DeCarlo_EXT,d8:fe:e3:b6:de:21,-86,10,Bizur_2.4,14:ae:db:36:82:35,-87,6
2017-10-27 16:41:37,model=Lenovo PB2-690Y,32.16521437,34.81157186,36,8084789_5,80:37:73:e6:96:d3,-90,60,Voicesense_guest,90:6c:ac:aa:61:a2,-88,11,revi_bakery,6c:19:8f:4b:45:c5,-90,11,Bezeq-N_ebaf41,e8:cc:18:eb:af:42,-94,6,Bezeq,00:16:e3:f1:37:7d,-84,6,Bizur_2.4,14:ae:db:36:82:35,-79,6,DecorGuest,1c:d6:c7:e1:b7:cc,-90,4,StratoGuests,00:35:1a:05:9c:71,-77,6,Howazit,1c:b9:c4:0f:44:b8,-78,8,HP-Print-C4-Officejet Pro 6830,70:5a:0f:02:dd:c4,-85,6
2017-10-27 16:41:40,model=Lenovo PB2-690Y,32.16539992,34.81160634,38,,f0:7f:06:68:c6:6d,-81,48,AppleWifi,f0:7f:06:68:c6:6f,-83,48,bsh-Home-ADSL,50:57:a8:67:11:29,-89,6,BEZEQINT-D131,14:ae:db:55:d1:35,-83,11,AppleWifi,f0:7f:06:68:aa:6f,-87,36,BeeComm,80:1f:02:81:07:ec,-84,11,,f0:7f:06:77:19:bc,-89,48,Howazit,1c:b9:c4:0f:44:bc,-84,36,KD_Office_2,74:da:38:2e:ab:c9,-86,5,winehouse_2.4,14:ae:db:ca:82:32,-87,5
2017-10-27 16:41:43,model=Lenovo PB2-690Y,32.16550463,34.81160987,41,KDF,a8:f7:e0:09:13:a0,-85,11,  InnovationEndeavors,74:da:38:a9:1c:df,-86,4,MOBIMIGHT,00:10:f3:64:7a:ee,-82,1,HeliconBooks,e8:cc:18:eb:7b:2b,-80,6,HP-Print-82-LaserJet 200 color,68:94:23:24:b1:82,-86,6
2017-10-27 16:41:46,model=Lenovo PB2-690Y,32.16550639,34.81160925,41,  InnovationEndeavors,74:da:38:a9:1c:df,-79,4,KD_Office_3,74:da:38:b0:67:d6,-81,4,kiosk,14:ae:db:3d:28:7a,-81,7,,f4:ec:38:ec:bc:36,-89,9
2017-10-27 16:41:49,model=Lenovo PB2-690Y,32.16550181,34.81160525,35,KD_Office_2,74:da:38:2e:ab:c9,-78,5,DekelE,48:ee:0c:ea:e7:c8,-79,6,,f0:7f:06:68:c6:6c,-82,48,AppleWiFiSecure,f0:7f:06:68:c6:6e,-82,48,AppleWifi,f0:7f:06:75:02:ef,-84,48,Gandyr-right,74:da:38:3b:d8:08,-82,6,HP-Print-CF-Officejet Pro 8600,2c:59:e5:ee:6c:cf,-91,6
2017-10-27 16:41:52,model=Lenovo PB2-690Y,32.165498,34.81159983,39,office_rooter_2,74:da:38:6d:45:e8,-84,1,PDTC,c8:d3:a3:21:82:29,-88,11,officeefrat,90:8d:78:53:90:8f,-92,11
2017-10-27 16:41:55,model=Lenovo PB2-690Y,32.16549588,34.81159578,40,Rhodium-WiFi-guest,72:3a:cb:6a:d0:4c,-81,6,Rhodium-WiFi,70:3a:cb:6a:d0:4f,-84,6,ion_wireless,f8:1a:67:a2:f5:73,-84,8
2017-10-27 16:41:58,model=Lenovo PB2-690Y,32.16549778,34.81159538,40,,f0:7f:06:75:02:e3,-89,1,JOSHUA,14:ae:db:3d:c0:92,-90,1,HP-Print-97-LaserJet 400 MFP,74:29:af:74:f9:97,-90,6,Gold_Wifi,98:fc:11:84:3b:31,-86,1
2017-10-27 16:42:01,model=Lenovo PB2-690Y,32.16549769,34.8115991,40,,f0:7f:06:75:02:ed,-88,48,Rhodium-WiFi-guest,72:3a:cb:6a:ca:ac,-89,1
2017-10-27 16:42:04,model=Lenovo PB2-690Y,32.16549745,34.81160421,38,Playrix2.4G,f2:9f:c2:91:07:b0,-81,11,Glilot1,18:a6:f7:51:67:f8,-90,4,TP-LINK_7EA864,f4:f2:6d:7e:a8:64,-90,11
2017-10-27 16:42:07,model=Lenovo PB2-690Y,32.16549742,34.81160631,38,,e8:fc:af:9c:65:c1,-89,1
2017-10-27 16:42:10,model=Lenovo PB2-690Y,32.1654975,34.81160667,38,RealAP,f8:e7:1e:2e:5f:a8,-88,8
2017-10-27 16:42:16,model=Lenovo PB2-690Y,32.16549755,34.81160693,38,Bezeq Free,62:b0:ce:2f:4b:3c,-88,1
2017-10-27 16:42:28,model=Lenovo PB2-690Y,32.16549844,34.81159585,34,DIRECT-9ZCLX-3300 Series,32:cd:a7:24:99:4a,-82,11
2017-10-27 16:42:31,model=Lenovo PB2-690Y,32.16549714,34.811607,36,,f0:7f:06:02:21:3c,-84,44,AppleWifi,f0:7f:06:02:21:3f,-85,44
2017-10-27 16:42:34,model=Lenovo PB2-690Y,32.16550614,34.81158323,37,  InnovationEndeavors,74:da:38:a9:1c:df,-74,4,KD_Office_3,74:da:38:b0:67:d6,-76,4,DekelG,48:ee:0c:ea:e7:c9,-88,6,,f0:7f:06:02:21:3d,-87,44,AppleWiFiSecure,f0:7f:06:02:21:3e,-87,44
2017-10-27 16:42:37,model=Lenovo PB2-690Y,32.16552205,34.81157425,33,HP-Print-97-LaserJet 400 MFP,74:29:af:74:f9:97,-84,6
2017-10-27 16:42:40,model=Lenovo PB2-690Y,32.16555084,34.81156753,32,HP-Print-3D-Officejet Pro 6830,70:5a:0f:03:10:3d,-91,11
2017-10-27 16:42:43,model=Lenovo PB2-690Y,32.1657019,34.81153294,27,Rhodium-WiFi-guest,72:3a:cb:6a:ca:a8,-83,149,Rhodium-WiFi,70:3a:cb:6a:d0:4b,-84,149
2017-10-27 16:42:46,model=Lenovo PB2-690Y,32.1658524,34.81141188,27,RealAP,f8:e7:1e:2e:5f:a8,-83,8,,f0:7f:06:68:aa:6d,-89,36,LIAT,14:ae:db:39:31:d5,-89,11,Rhodium-WiFi-guest,72:3a:cb:6a:ca:ac,-82,1,GetAlert-GW,70:3a:cb:cf:36:69,-84,11,Stratoscale,00:35:1a:d3:50:20,-88,1,StratoGuests,00:35:1a:d3:50:21,-89,1,Edimax AP,80:1f:02:5d:a4:b8,-87,11
2017-10-27 16:42:49,model=Lenovo PB2-690Y,32.16592741,34.81108466,30,Rhodium-WiFi,70:3a:cb:6a:d0:4f,-75,6,Playrix2.4G,f2:9f:c2:91:07:b0,-72,11,HP-Print-82-LaserJet 200 color,68:94:23:24:b1:82,-81,6,JOSHUA,14:ae:db:3d:c0:92,-84,1,Edimax AP,80:1f:02:5d:a4:b8,-81,11,Rhodium-WiFi-guest,72:3a:cb:6a:d0:4c,-72,6,east,00:24:6c:34:dc:40,-81,11,Hyundai,14:ae:db:c8:24:1d,-82,1,Rhodium-WiFi,70:3a:cb:6a:ca:ae,-84,1,Idanktv_2.4,6c:b0:ce:2f:4b:3f,-85,1
2017-10-27 16:42:52,model=Lenovo PB2-690Y,32.16603024,34.81070264,31,east,00:24:6c:34:dc:40,-74,11,EMC-Corp,84:3d:c6:c7:eb:04,-83,9,EMC-Open,84:3d:c6:c7:eb:07,-84,9,RealAP,f8:e7:1e:2e:5f:a8,-77,8,DELL_Guest,00:24:6c:34:dc:41,-74,11,CORP-W1F1,84:3d:c6:c7:eb:03,-81,9,dbwguest,ce:d7:19:0e:ff:95,-81,11,Pivotal,84:3d:c6:c7:eb:0b,-82,9,DELL_Guest,84:3d:c6:c7:eb:01,-83,9,KD_Office_2,74:da:38:2e:ab:c9,-70,5
2017-10-27 16:42:55,model=Lenovo PB2-690Y,32.16617002,34.81029415,30,Rhodium-WiFi-guest,72:3a:cb:6a:ca:a8,-83,149,Rhodium-WiFi,70:3a:cb:6a:d0:4b,-84,149,Gandyr-right,74:da:38:3b:d8:08,-80,6,ion_wireless,f8:1a:67:a2:f5:73,-85,8,HP-Print-97-LaserJet 400 MFP,74:29:af:74:f9:97,-89,6,GetAlert-GW,70:3a:cb:cf:36:69,-84,11,Howazit,1c:b9:c4:0f:44:b8,-80,8,Training Room,8e:15:54:ac:d4:e4,-83,44,kiosk,14:ae:db:3d:28:7a,-84,7,GFCM_5,14:ae:db:32:d5:c5,-86,48
2017-10-27 16:42:58,model=Lenovo PB2-690Y,32.1663079,34.80996014,28,Call Center,8a:15:54:ac:d4:e4,-80,44,Playrix2.4G,f2:9f:c2:91:07:b0,-75,11,bacapital_5,6c:b0:ce:ab:5a:a2,-85,60,Training Room,8e:15:44:ac:d4:e4,-75,6,Call Center,88:15:44:ac:d4:e4,-77,6,Ezbob_Guest,06:18:1a:7f:ca:1e,-88,40,Edimax AP,80:1f:02:5d:a4:b8,-81,11,sulam,90:6c:ac:c7:95:cd,-83,11,Rhodium-WiFi,70:3a:cb:6a:d0:4f,-75,6,dbw,c8:d7:19:0e:ff:95,-84,11
2017-10-27 16:43:01,model=Lenovo PB2-690Y,32.16643649,34.80965132,28,DELL_Guest,00:24:6c:34:dc:41,-74,11,dbwguest,ce:d7:19:0e:ff:95,-84,11,Ezbob_WiFi,00:02:6f:12:34:56,-78,11,EMC-Corp,84:3d:c6:c7:eb:04,-83,9,Ezbob_Guest,06:02:6f:12:34:50,-88,40,east,00:24:6c:34:dc:40,-74,11,Ezbob_WiFi,00:02:6f:12:34:50,-88,40,EMC-Open,84:3d:c6:c7:eb:07,-84,9,SECUBIT2017,88:dc:96:2a:5c:fe,-83,11,RealAP,f8:e7:1e:2e:5f:a8,-77,8
2017-10-27 16:43:04,model=Lenovo PB2-690Y,32.16655618,34.80938792,28,CMT-ALap,94:10:3e:a8:34:a0,-81,36,Pitarohecht,5c:83:8f:33:b9:e8,-85,1,Efrat Networks MM,94:f6:65:5b:b2:28,-86,5,4GT,82:4c:a5:1a:65:2b,-87,11,CMT-Guests,70:4c:a5:1a:65:2b,-88,11,PushApps,14:ae:db:39:b3:6d,-88,1,Pitarohecht,00:02:6f:a6:f1:f3,-72,1
2017-10-27 16:43:07,model=Lenovo PB2-690Y,32.16665222,34.8092036,31,IDC,9c:1c:12:ab:f1:b1,-88,52,GFCM_5,14:ae:db:32:d5:c5,-86,48,rdm,9c:1c:12:ab:f1:b0,-89,52,Training Room,8e:15:54:ac:d4:e4,-79,44,HP-nomodel.D169B3,02:27:f7:29:70:28,-78,6,Telekom,68:86:a7:53:76:10,-80,6,IDC-Wireless,e0:10:7f:09:2f:e8,-84,6,Christine,f0:7d:68:fd:97:39,-90,6,HP-Print-A0-LaserJet Pro MFP,30:f7:72:6e:8e:a0,-82,6,SECUBIT2017,88:dc:96:2a:5d:00,-76,6
2017-10-27 16:43:10,model=Lenovo PB2-690Y,32.16667408,34.80916402,30,HP-Print-A0-LaserJet Pro MFP,30:f7:72:6e:8e:a0,-77,6
2017-10-27 16:43:20,model=Lenovo PB2-690Y,32.16664266,34.80919318,29,Bezeq2.4,14:ae:db:b3:7b:65,-89,6,ASUS,d0:17:c2:60:e7:38,-91,3,win-teuch,c4:12:f5:83:3a:88,-90,1,DBSI,1c:b9:c4:4f:2f:08,-90,1
2017-10-27 16:43:29,model=Lenovo PB2-690Y,32.16659883,34.80915815,31,Kopel,00:1d:aa:e2:1a:c0,-90,6,Ezbob_Guest,0a:8d:db:65:89:a9,-93,1
2017-10-27 16:43:46,model=Lenovo PB2-690Y,32.16685391,34.80870372,30,bacapital,6c:b0:ce:ab:5a:a1,-88,1,RTI 15,10:fe:ed:62:9e:5c,-87,5,kaymeraQA,00:f6:63:3a:f4:80,-88,1,Candan,c0:ff:d4:7b:82:30,-88,1
2017-10-27 16:43:49,model=Lenovo PB2-690Y,32.16699544,34.80837223,30,HP-Print-b7-LaserJet 300,34:23:87:36:c9:b7,-89,1,CMT-ALap,94:10:3e:a8:34:a0,-83,36,Pitarohecht,00:02:6f:a6:f1:f3,-84,1,KaymeraDev,00:f6:63:3a:f4:81,-88,1,KaymeraGuest,00:f6:63:3a:f4:82,-89,1
2017-10-27 16:43:52,model=Lenovo PB2-690Y,32.16713001,34.8080524,30,HP-Print-A0-LaserJet Pro MFP,30:f7:72:6e:8e:a0,-87,6,ASUS,d0:17:c2:60:e7:38,-87,3,CArgentina,30:b5:c2:bd:55:32,-88,2,Bezeq2.4,14:ae:db:b3:7b:65,-90,6,BlueSnap-Guest-2.4GHz,00:02:6f:bb:fd:ac,-85,1,DBSI,1c:b9:c4:4f:2f:08,-87,1,Efrat Networks NC,00:1d:aa:34:1e:58,-89,11
2017-10-27 16:43:58,model=Lenovo PB2-690Y,32.16742305,34.80797478,27,Rabia,30:b5:c2:bd:51:9e,-94,7
2017-10-27 16:44:01,model=Lenovo PB2-690Y,32.16767541,34.8081139,25,VIKI,cc:b2:55:e9:be:78,-87,6,Bond-MidFloor,30:b5:c2:25:dc:ae,-92,4,Assor_wifi,14:ae:db:a4:5b:a2,-94,9,BezeqFree,14:af:db:a4:5b:a2,-95,9,Sweetb_2.4.,10:5a:f7:00:91:91,-90,11
2017-10-27 16:44:04,model=Lenovo PB2-690Y,32.1679589,34.80821265,23,kaymeraQA,00:f6:63:3a:f4:80,-89,1,Candan,c0:ff:d4:7b:82:30,-90,1,INGENEO,cc:b2:55:e8:4c:e6,-89,6,Home.,a0:ab:1b:62:a7:bc,-88,1,Rabia,30:b5:c2:bd:52:40,-89,6,Assor_wifi,18:d6:c7:fb:1a:2f,-96,9
2017-10-27 16:44:07,model=Lenovo PB2-690Y,32.16811955,34.80827012,24,BENY PUR,d8:fe:e3:03:c7:b1,-85,6,frenkel,48:ee:0c:3f:38:55,-92,4,Bezeq-N_2db33b,fc:75:16:2d:b3:3c,-89,6
2017-10-27 16:44:10,model=Lenovo PB2-690Y,32.16811582,34.80839219,24,ORBI Tal,a2:3d:cf:fb:0c:b8,-94,8,shogol,fc:b4:e6:d1:a8:ce,-92,1
2017-10-27 16:44:13,model=Lenovo PB2-690Y,32.16806933,34.80861988,22,susanne,14:ae:db:b5:94:35,-91,11,EL,14:ae:db:3d:b1:52,-94,9,cohen,cc:b2:55:68:0b:2a,-93,6,Bezeq Free,52:62:b8:32:9d:ec,-93,6
2017-10-27 16:44:16,model=Lenovo PB2-690Y,32.16801169,34.8089357,22,cohen,cc:b2:55:68:0b:2a,-86,6,ruth22,8c:59:c3:ea:2c:22,-86,1,Tami1975 2.4 !,70:62:b8:32:9d:ef,-92,6
2017-10-27 16:44:19,model=Lenovo PB2-690Y,32.16794249,34.80927624,23,Candan,c0:ff:d4:7b:82:30,-89,1,INGENEO,cc:b2:55:e8:4c:e6,-87,6,Bond-MidFloor,30:b5:c2:25:dc:ae,-92,4,Assor_wifi,14:ae:db:a4:5b:a2,-94,9,BezeqFree,14:af:db:a4:5b:a2,-93,9,Assor_wifi,18:d6:c7:fb:1a:2f,-96,9,frenkel,48:ee:0c:3f:38:55,-90,4,Bezeq-N_2db33b,fc:75:16:2d:b3:3c,-86,6,TP-LINK_B573C0,30:b5:c2:b5:73:c0,-92,4
2017-10-27 16:44:22,model=Lenovo PB2-690Y,32.16788634,34.80957568,23,ORBI Tal,a2:3d:cf:fb:0c:b8,-94,8,shogol,fc:b4:e6:d1:a8:ce,-89,1,Erez Man,e4:8d:8c:7f:3d:0d,-82,1,Erez Man,6c:3b:6b:76:4e:e1,-90,1,Coffee.LAN,90:6c:ac:21:35:8b,-91,11
2017-10-27 16:44:25,model=Lenovo PB2-690Y,32.16783602,34.80980176,26,susanne,14:ae:db:b5:94:35,-93,11,EL,14:ae:db:3d:b1:52,-94,9,Bezeq Free,52:62:b8:32:9d:ec,-92,6,Erez Man,e4:8d:8c:7f:3d:0d,-77,1
2017-10-27 16:44:28,model=Lenovo PB2-690Y,32.16777844,34.80989215,25,888Corp,8e:15:54:a9:32:e6,-88,40
2017-10-27 16:44:41,model=Lenovo PB2-690Y,32.16762951,34.80987893,31,Efrat Networks MM,94:f6:65:5b:b2:28,-87,5,Guest Neetwork MM,94:f6:65:1b:b2:28,-91,5,888Guest,02:8d:db:6e:71:bf,-83,1
2017-10-27 16:35:09,model=SHIELD Tablet,32.167516638454835,34.80980333608759,51.98350036419641,,02:8d:db:6e:71:be,-88,11,,02:8d:db:6e:71:c1,-93,11,888Free,06:8d:cb:6e:71:be,-89,44,888Corp,0a:8d:db:6e:71:be,-87,11,,fa:8f:ca:81:19:08,-97,48,888Corp,0a:8d:cb:6e:71:6d,-88,44,RS_GUEST_5G,ec:08:6b:38:0d:dc,-93,48,RS_GUEST,ec:08:6b:38:0d:dd,-84,13,888Guest,02:8d:cb:6e:71:be,-89,44,888Free,06:8d:db:6e:71:6d,-93,1
2017-10-27 16:35:15,model=SHIELD Tablet,32.16764040894296,34.8099134689876,55.14163580857301,888Free,06:8d:db:6e:71:bf,-85,1
2017-10-27 16:35:24,model=SHIELD Tablet,32.16768378794421,34.809899150571596,51.452811330989746,Guest Neetwork MM,94:f6:65:1b:b2:28,-89,5,,06:8d:db:6e:71:be,-85,11,888Guest,02:8d:db:6e:71:6d,-90,1,KaymeraGuest,00:f6:63:15:58:82,-96,1
2017-10-27 16:35:40,model=SHIELD Tablet,32.16751493442381,34.809621167520646,46.348109833158,888Free,06:8d:db:6e:71:6d,-88,1,888Corp,0a:8d:db:6e:71:c1,-89,11,brieftrace,90:8d:78:51:52:fc,-93,12,888Free,06:8d:db:6e:71:c1,-87,11
2017-10-27 16:35:46,model=SHIELD Tablet,32.16725206973074,34.80924477842829,45.11899191853336,BARON WIFI 2.4,60:e3:27:bf:a1:a5,-90,11
2017-10-27 16:35:55,model=SHIELD Tablet,32.16690733399158,34.80885618949677,41.80062155506789,INGENEO,cc:b2:55:e8:4c:e6,-77,6,Kadabra-Guest,02:1d:aa:7c:8c:f8,-80,11,Kadabra-AP,00:1d:aa:7c:8c:f8,-81,11,CMT-ALap,94:10:3e:a8:34:a0,-88,36,888Corp,0a:8d:db:6e:71:6d,-84,1,Bezeq2.4,14:ae:db:b3:7b:65,-89,6,888Corp,0a:8d:db:6e:71:bf,-88,1,EL5,14:ae:db:3d:b1:55,-96,48,888Corp,0a:8d:cb:6e:71:be,-93,44,Crestron_23,10:fe:ed:62:9e:1a,-93,4
2017-10-27 16:36:05,model=SHIELD Tablet,32.1668553973537,34.80876711438546,40.23401344612111,888Corp,0a:8d:db:6e:71:be,-87,11,RS_GUEST,ec:08:6b:38:0d:dd,-89,13,MOULY MAISON,00:78:9e:fa:15:91,-98,1,Mouly,7c:b7:33:2e:76:73,-81,11,island-074FA0,50:a7:33:47:4f:a3,-87,6,Efrat Networks MM,94:f6:65:5b:b2:28,-93,5,,02:8d:db:6e:71:c1,-89,11
2017-10-27 16:36:10,model=SHIELD Tablet,32.166978766852225,34.80839578626845,37.828088870592815,brieftrace,90:8d:78:51:52:fc,-89,12,BENY PUR,d8:fe:e3:03:c7:b1,-78,6,RS_GUEST,ec:08:6b:38:0d:0e,-83,12,DIRECT-EA-HP OfficeJet Pro 6960,30:e1:71:c5:17:eb,-87,6,RS_GUEST,ec:08:6b:38:0d:0d,-95,44,dbw,c8:d7:19:0e:ff:95,-93,11,,fa:8f:ca:93:a5:64,-78,6,0506679780,5a:fe:e3:03:c7:b3,-79,6
2017-10-27 16:36:15,model=SHIELD Tablet,32.16717453256868,34.80785425837527,36.963385177446035,INGENEO,cc:b2:55:e8:4c:e6,-77,6,CMT-ALap,94:10:3e:a8:34:a0,-88,36,Kadabra-Guest,02:1d:aa:7c:8c:f8,-80,11,EL5,14:ae:db:3d:b1:55,-96,48,Kadabra-AP,00:1d:aa:7c:8c:f8,-81,11,HP-Print-A0-LaserJet Pro MFP,30:f7:72:6e:8e:a0,-79,6,ASUS,d0:17:c2:60:e7:38,-93,3,Bezeq2.4,14:ae:db:b3:7b:65,-89,6,RTI 15,10:fe:ed:62:9e:5c,-89,5,Kopel,00:1d:aa:e2:1a:c0,-90,6
2017-10-27 16:36:17,model=SHIELD Tablet,32.16725976522493,34.80760639539493,36.88045367458286,Efrat Networks MM,94:f6:65:5b:b2:28,-93,5
2017-10-27 16:36:19,model=SHIELD Tablet,32.1673523940768,34.80735492467484,36.83549887069002,brieftrace,90:8d:78:51:52:fc,-89,12,BENY PUR,d8:fe:e3:03:c7:b1,-78,6,RS_GUEST,ec:08:6b:38:0d:0e,-83,12,DIRECT-EA-HP OfficeJet Pro 6960,30:e1:71:c5:17:eb,-87,6,RS_GUEST,ec:08:6b:38:0d:0d,-95,44,dbw,c8:d7:19:0e:ff:95,-93,11,,fa:8f:ca:93:a5:64,-78,6,0506679780,5a:fe:e3:03:c7:b3,-79,6
2017-10-27 16:36:23,model=SHIELD Tablet,32.16753527849111,34.80684289357364,36.71254401167357,INGENEO,cc:b2:55:e8:4c:e6,-77,6,CMT-ALap,94:10:3e:a8:34:a0,-88,36,Kadabra-Guest,02:1d:aa:7c:8c:f8,-80,11,EL5,14:ae:db:3d:b1:55,-96,48,Kadabra-AP,00:1d:aa:7c:8c:f8,-81,11,HP-Print-A0-LaserJet Pro MFP,30:f7:72:6e:8e:a0,-79,6,ASUS,d0:17:c2:60:e7:38,-93,3,Bezeq2.4,14:ae:db:b3:7b:65,-89,6,RTI 15,10:fe:ed:62:9e:5c,-89,5,Kopel,00:1d:aa:e2:1a:c0,-90,6
2017-10-27 16:36:26,model=SHIELD Tablet,32.16766253406303,34.80652926307771,36.76422826897981,MoragUP,50:c7:bf:8e:67:66,-93,1,bendet1,80:1f:02:d7:6b:c8,-96,6
2017-10-27 16:36:29,model=SHIELD Tablet,32.16775892730365,34.806271507818366,36.884822605030976,BENY PUR,d8:fe:e3:03:c7:b1,-78,6,RS_GUEST,ec:08:6b:38:0d:0e,-83,12,DIRECT-EA-HP OfficeJet Pro 6960,30:e1:71:c5:17:eb,-87,6,RS_GUEST,ec:08:6b:38:0d:0d,-95,44,dbw,c8:d7:19:0e:ff:95,-93,11,,fa:8f:ca:93:a5:64,-78,6,0506679780,5a:fe:e3:03:c7:b3,-79,6
2017-10-27 16:36:42,model=SHIELD Tablet,32.1678610992266,34.805790392941304,37.437833716952575,Annatel_3372,74:da:38:a9:0c:3e,-93,2,shor_Ext,e2:91:f5:b6:ec:a8,-94,11,LeonAP,80:1f:02:36:10:68,-94,11,hagit_2.4,6c:b0:ce:33:a4:d5,-95,1
2017-10-27 16:38:28,model=SHIELD Tablet,32.16322579365262,34.80626429251393,44.744037382103016,EL5,14:ae:db:3d:b1:55,-87,48,kaymeraQA,cc:16:7e:97:1d:9f,-95,36,drupe 5G,ec:08:6b:27:b0:2e,-90,36,RS_GUEST,ec:08:6b:38:0d:0e,-85,12,ZeroOne 5.0GHz,14:ae:db:3e:de:ed,-94,48,Efrat Networks NC,00:1d:aa:34:1e:58,-80,11,S&W,82:2a:a8:b5:b7:1a,-93,11,DELEK-GROUP,34:db:fd:0a:6c:00,-89,9,Zerto,08:5b:0e:67:07:a7,-94,11,,fa:8f:ca:93:a5:64,-80,6
2017-10-27 16:38:44,model=SHIELD Tablet,32.163224720161935,34.80624556698297,44.74589491886716,S&W,82:2a:a8:b5:b7:1a,-87,11,JONEY_2.4,6c:b0:ce:3a:83:4e,-87,1,4dassets,00:08:ca:41:5a:17,-85,7,murraydiane,c4:12:f5:83:aa:0c,-88,11,GD,f0:9f:c2:f1:c8:5f,-93,1,RTI 15,10:fe:ed:62:9e:5c,-93,5,,00:c8:8b:28:28:22,-94,1,,88:dc:96:17:c0:9e,-85,6
2017-10-27 16:40:18,model=SHIELD Tablet,32.16173875664971,34.80912745164086,43.87574075489771,,94:b4:0f:d1:60:12,-89,48,,94:b4:0f:d1:60:14,-89,48,,94:b4:0f:d1:60:11,-90,48,,94:b4:0f:d1:60:13,-90,48,siciliano5_5,14:ae:db:c5:69:95,-95,48,Zerto,08:5b:0e:e8:56:d5,-94,44,Zerto Guests,1a:5b:0e:e8:56:d5,-94,44,ESI-New,00:0c:e6:02:44:33,-75,6,Life,94:b4:0f:d1:60:10,-90,48,AP-1 station,68:72:51:26:f0:94,-69,13
2017-10-27 16:40:34,model=SHIELD Tablet,32.16173875664971,34.80912745164086,43.555554906579225,BigMeeting_5G,74:da:38:b6:ed:91,-90,44,MGC,84:d4:7e:ef:03:a0,-81,11,ESI-Guest,00:0c:e6:02:8f:c9,-88,36,Taykey - Guest,e0:10:7f:49:1e:f8,-79,13,Taykey - Guest,e0:10:7f:49:1e:fc,-88,36,Taykey - Office,e0:10:7f:09:1e:f8,-79,13,Taykey - Office,e0:10:7f:09:1e:fc,-90,36,Bezeq-N_223921,c4:12:f5:f6:70:b6,-76,11,Zero,00:1e:2a:cf:f2:10,-90,11,Fortify,48:a9:d2:97:71:a5,-73,11
2017-10-27 16:42:18,model=SHIELD Tablet,32.165540225673055,34.811647221222564,35.618663970868525,,f0:7f:06:75:02:ed,-90,48,Rhodium-WiFi-guest,72:3a:cb:6a:ca:a8,-93,149,,f0:7f:06:68:c6:6d,-84,48,Rhodium-WiFi,70:3a:cb:6a:d0:4b,-93,149,AppleWifi,f0:7f:06:68:c6:6f,-84,48,,f0:7f:06:75:02:ec,-90,48,Rhodium-WiFi,70:3a:cb:6a:ca:aa,-90,149,AppleWifi,f0:7f:06:75:02:ef,-89,48,Rhodium-WiFi-guest,72:3a:cb:6a:d0:48,-93,149,AppleWiFiSecure,f0:7f:06:75:02:ee,-89,48
2017-10-27 16:42:33,model=SHIELD Tablet,32.165540225673055,34.811647221222564,35.44840938456033,,f0:7f:06:02:21:3d,-88,44,,f0:7f:06:02:21:3c,-87,44,GetAlert-GW,70:3a:cb:cf:37:ea,-88,11,,f0:7f:06:02:10:fd,-96,40,,f0:7f:06:68:aa:62,-85,13,,f0:7f:06:02:10:fc,-97,40,BEZEQINT-D131,14:ae:db:55:d1:35,-80,11,,f0:7f:06:77:19:bd,-96,48,AppleWiFiSecure,f0:7f:06:02:21:3e,-88,44,HP-Print-82-LaserJet 200 color,68:94:23:24:b1:82,-85,6
